== analysis/Rscript sim_battery4.R 500 300 500 8 20:21:28
[I (n=500,p=20)] n=500 p=20 R=500  1.5 min  (failed reps: 0)
[II (n=200,p=50)] n=200 p=50 R=500  8.2 min  (failed reps: 0)
[III (n=2000,p=20, local boundary)] n=2000 p=20 R=500  3.4 min  (failed reps: 0)
[M (misspecified OM)] n=500 p=20 R=500  1.7 min  (failed reps: 0)
[P1 (n=500,p=100)] n=500 p=100 R=500  9.1 min  (failed reps: 0)
[P2 (n=500,p=200)] n=500 p=200 R=300  56.9 min  (failed reps: 0)
[C (AR(1) rho=.5, n=500,p=20)] n=500 p=20 R=500  1.8 min  (failed reps: 0)
[Bd (bounded Rademacher, n=500,p=20)] n=500 p=20 R=500  1.5 min  (failed reps: 0)
[H (heteroscedastic, n=500,p=20)] n=500 p=20 R=500  1.6 min  (failed reps: 0)
[IV6 (six instruments, n=500,p=20)] n=500 p=20 R=500  1.7 min  (failed reps: 0)
[B (boundary seq., kappa=1.50, b_n=0.693)] n=500 p=20 R=500  0.1 min  (failed reps: 0)
[B (boundary seq., kappa=1.10, b_n=0.334)] n=500 p=20 R=500  0.1 min  (failed reps: 0)
[B (boundary seq., kappa=0.75, b_n=0.176)] n=500 p=20 R=500  0.1 min  (failed reps: 0)
[B (boundary seq., kappa=1.50, b_n=0.469)] n=2000 p=20 R=500  0.2 min  (failed reps: 0)
[B (boundary seq., kappa=1.10, b_n=0.208)] n=2000 p=20 R=500  0.2 min  (failed reps: 0)
[B (boundary seq., kappa=0.75, b_n=0.102)] n=2000 p=20 R=500  0.2 min  (failed reps: 0)
[B (boundary seq., kappa=1.50, b_n=0.301)] n=8000 p=20 R=500  0.7 min  (failed reps: 0)
[B (boundary seq., kappa=1.10, b_n=0.125)] n=8000 p=20 R=500  0.7 min  (failed reps: 0)
[B (boundary seq., kappa=0.75, b_n=0.058)] n=8000 p=20 R=500  0.7 min  (failed reps: 0)
battery4 done: 90.3 min total
== analysis/Rscript make_tables4.R 21:51:50
## Main-text Table 1: coverage (stacked sandwich), percent

| Cell |naive OAL-IPW | GOAL-IPW | outcome-only thr. | ODS-thr | ODS-bic | BCH-DS | full set + AIPW|
|---|---|---|---|---|---|---|---|
| I ($n{=}500, p{=}20$) | 92.0 | 92.8 | 94.8 | **94.6** | 95.6 | 97.6 | 97.8 |
| II ($n{=}200, p{=}50$) | 90.8 | 91.0 | 88.4 | **89.4** | 99.4 | 99.4 | 99.2 |
| III (local boundary) | 95.2 | 94.0 | 84.0 | **84.8** | 93.8 | 96.6 | 97.2 |
| M (misspecified OM) | 91.2 | 92.8 | 94.0 | **94.2** | 95.4 | 96.4 | 96.8 |
| P1 ($n{=}500, p{=}100$) | 91.0 | 91.2 | 88.2 | **88.2** | 99.0 | 99.2 | 99.8 |
| P2 ($n{=}500, p{=}200$) | 83.3 | 82.0 | 81.7 | **82.3** | 99.3 | 99.0 | – |
| C (AR(1) $\rho{=}.5$) | 80.8 | 84.8 | 95.2 | **95.0** | 94.0 | 95.2 | 96.2 |
| Bd (bounded) | 97.8 | 97.4 | 95.8 | **95.8** | 96.6 | 97.4 | 97.4 |
| H (heteroscedastic) | 94.0 | 94.8 | 96.0 | **96.0** | 95.6 | 97.0 | 97.4 |
| IV6 (six instruments) | 94.0 | 94.4 | 96.4 | **96.4** | 96.0 | 97.8 | 98.0 |

n_reps per cell:  I=500, II=500, III=500, M=500, P1=500, P2=300, C=500, Bd=500, H=500, IV6=500 

## Width relative to BCH (mean stacked SE ratio) and to oracle

| Cell | ODS-thr / BCH | ODS-bic / BCH | out_thr / BCH | ODS-thr / oracle OLS | P(S_oal \\ S_out non-empty), thr | same, bic |
|---|---|---|---|---|---|---|
| I ($n{=}500, p{=}20$) | 0.689 | 0.895 | 0.687 | 1.201 | 1.6 | 0.0 |
| II ($n{=}200, p{=}50$) | 0.274 | 0.832 | 0.269 | 1.431 | 6.8 | 0.5 |
| III (local boundary) | 0.665 | 0.832 | 0.663 | 0.939 | 3.0 | 0.0 |
| M (misspecified OM) | 0.706 | 0.909 | 0.704 | 1.357 | 1.8 | 0.0 |
| P1 ($n{=}500, p{=}100$) | 0.392 | 0.841 | 0.389 | 1.146 | 3.7 | 0.3 |
| P2 ($n{=}500, p{=}200$) | 0.267 | 0.824 | 0.266 | 1.203 | 4.5 | 1.4 |
| C (AR(1) $\rho{=}.5$) | 0.783 | 0.916 | 0.779 | 1.320 | 2.8 | 0.1 |
| Bd (bounded) | 0.714 | 0.900 | 0.713 | 1.087 | 0.5 | 0.0 |
| H (heteroscedastic) | 0.702 | 0.898 | 0.700 | 1.234 | 1.3 | 0.0 |
| IV6 (six instruments) | 0.566 | 0.814 | 0.565 | 1.138 | 0.6 | 0.0 |

## Web Appendix C: full tables per cell

### Cell I: I (n=500,p=20) (n_reps = 500)

| Arm | bias (MCSE) | SD | RMSE | mean SE emp | mean SE stk | SE/SD emp | SE/SD stk | cov emp | cov stk (MCSE) | width stk | fail |
|---|---|---|---|---|---|---|---|---|---|---|---|
| oracle OLS | 0.005 (0.010) | 0.218 | 0.218 | 0.203 | – | 0.93 | – | 92.6 | – (–) | – | 0 |
| oracle set + AIPW | 0.001 (0.011) | 0.241 | 0.241 | 0.232 | 0.242 | 0.96 | 1.00 | 93.6 | 94.8 (1.0) | 0.95 | 0 |
| full set + AIPW | -0.004 (0.015) | 0.330 | 0.330 | 0.318 | 0.370 | 0.96 | 1.12 | 94.8 | 97.8 (0.7) | 1.45 | 0 |
| outcome-only thr. | 0.004 (0.011) | 0.248 | 0.248 | 0.233 | 0.243 | 0.94 | 0.98 | 93.8 | 94.8 (1.0) | 0.95 | 0 |
| outcome-only BIC | -0.007 (0.013) | 0.298 | 0.298 | 0.284 | 0.317 | 0.95 | 1.06 | 93.4 | 95.6 (0.9) | 1.24 | 0 |
| OAL arm alone | 0.011 (0.012) | 0.272 | 0.272 | 0.247 | 0.256 | 0.91 | 0.94 | 93.0 | 94.0 (1.1) | 1.00 | 0 |
| naive OAL sel. + AIPW | -0.008 (0.014) | 0.309 | 0.309 | 0.288 | 0.320 | 0.93 | 1.03 | 93.2 | 95.0 (1.0) | 1.25 | 0 |
| ODS-thr | 0.006 (0.011) | 0.249 | 0.249 | 0.233 | 0.244 | 0.94 | 0.98 | 93.6 | 94.6 (1.0) | 0.96 | 0 |
| ODS-bic | -0.007 (0.013) | 0.298 | 0.298 | 0.284 | 0.317 | 0.95 | 1.06 | 93.4 | 95.6 (0.9) | 1.24 | 0 |
| treatment-only lasso | 0.007 (0.015) | 0.338 | 0.337 | 0.313 | 0.344 | 0.93 | 1.02 | 93.4 | 96.0 (0.9) | 1.35 | 0 |
| BCH-DS | -0.004 (0.015) | 0.327 | 0.327 | 0.310 | 0.354 | 0.95 | 1.08 | 94.2 | 97.6 (0.7) | 1.39 | 0 |
| naive OLS on ODS-thr set | 0.008 (0.010) | 0.218 | 0.218 | 0.203 | – | 0.93 | – | 92.6 | – (–) | – | 0 |
| naive OAL-IPW | 0.125 (0.013) | 0.290 | 0.316 | 0.318 | – | 1.09 | – | 92.0 | – (–) | – | 0 |
| GOAL-IPW | 0.107 (0.013) | 0.283 | 0.302 | 0.306 | – | 1.08 | – | 92.8 | – (–) | – | 0 |
| RY-ODS v2 | -0.003 (0.020) | 0.443 | 0.443 | 0.420 | 0.473 | 0.95 | 1.07 | 94.2 | 95.8 (0.9) | 1.85 | 0 |
| C-TMLE | 0.012 (0.013) | 0.301 | 0.301 | 0.232 | – | 0.77 | – | 84.8 | – (–) | – | 0 |

Selection:

| Arm | mean size | P(exact oracle) | P(superset) | P(IV excluded) | P(boundary retained) | mean noise | P(S_oal \\ S_out non-empty) |
|---|---|---|---|---|---|---|---|
| oracle OLS | 6.0 | – | – | – | – | – | – |
| oracle set + AIPW | 6.0 | 100.0 | 100.0 | 100.0 | 100.0 | 0.00 | – |
| full set + AIPW | 20.0 | 0.0 | 100.0 | 0.0 | 100.0 | 12.00 | – |
| outcome-only thr. | 6.0 | 93.5 | 98.6 | 98.6 | 99.7 | 0.04 | – |
| outcome-only BIC | 14.0 | 0.2 | 100.0 | 20.3 | 100.0 | 6.83 | – |
| OAL arm alone | 4.4 | 2.6 | 2.6 | 97.2 | 99.5 | 0.00 | – |
| naive OAL sel. + AIPW | 12.2 | 2.8 | 94.0 | 12.7 | 100.0 | 4.83 | – |
| ODS-thr | 6.1 | 92.2 | 98.7 | 97.2 | 99.8 | 0.04 | 1.6 |
| ODS-bic | 14.0 | 0.2 | 100.0 | 20.3 | 100.0 | 6.83 | 0.0 |
| treatment-only lasso | 8.7 | 0.0 | 4.6 | 0.0 | 100.0 | 2.29 | – |
| BCH-DS | 15.9 | 0.0 | 100.0 | 0.0 | 100.0 | 7.86 | – |
| naive OLS on ODS-thr set | 6.0 | – | – | – | – | – | – |
| naive OAL-IPW | 12.0 | – | – | – | – | – | – |
| GOAL-IPW | 15.7 | – | – | – | – | – | – |
| RY-ODS v2 | 16.4 | – | – | – | – | – | – |
| C-TMLE | – | – | – | – | – | – | – |

### Cell II: II (n=200,p=50) (n_reps = 500)

| Arm | bias (MCSE) | SD | RMSE | mean SE emp | mean SE stk | SE/SD emp | SE/SD stk | cov emp | cov stk (MCSE) | width stk | fail |
|---|---|---|---|---|---|---|---|---|---|---|---|
| oracle OLS | 0.004 (0.015) | 0.328 | 0.328 | 0.321 | – | 0.98 | – | 94.4 | – (–) | – | 0 |
| oracle set + AIPW | 0.019 (0.019) | 0.415 | 0.415 | 0.412 | 0.460 | 0.99 | 1.11 | 95.2 | 96.2 (0.9) | 1.80 | 0 |
| full set + AIPW | -0.064 (0.104) | 2.325 | 2.323 | 2.295 | 3.159 | 0.99 | 1.36 | 95.8 | 99.2 (0.4) | 12.38 | 0 |
| outcome-only thr. | 0.315 (0.019) | 0.431 | 0.534 | 0.395 | 0.452 | 0.92 | 1.05 | 86.0 | 88.4 (1.4) | 1.77 | 0 |
| outcome-only BIC | 0.068 (0.044) | 0.979 | 0.980 | 0.962 | 1.394 | 0.98 | 1.42 | 95.0 | 99.4 (0.3) | 5.46 | 0 |
| OAL arm alone | 0.380 (0.019) | 0.424 | 0.569 | 0.388 | 0.410 | 0.92 | 0.97 | 80.0 | 81.8 (1.7) | 1.61 | 0 |
| naive OAL sel. + AIPW | 0.124 (0.046) | 1.032 | 1.038 | 1.057 | 1.433 | 1.02 | 1.39 | 97.0 | 99.4 (0.3) | 5.62 | 0 |
| ODS-thr | 0.308 (0.019) | 0.434 | 0.532 | 0.402 | 0.460 | 0.93 | 1.06 | 86.6 | 89.4 (1.4) | 1.80 | 0 |
| ODS-bic | 0.068 (0.044) | 0.980 | 0.981 | 0.962 | 1.395 | 0.98 | 1.42 | 95.0 | 99.4 (0.3) | 5.47 | 0 |
| treatment-only lasso | 0.157 (0.031) | 0.700 | 0.717 | 0.661 | 0.765 | 0.94 | 1.09 | 91.4 | 95.8 (0.9) | 3.00 | 0 |
| BCH-DS | -0.080 (0.050) | 1.125 | 1.127 | 1.163 | 1.677 | 1.03 | 1.49 | 96.2 | 99.4 (0.3) | 6.57 | 0 |
| naive OLS on ODS-thr set | 0.177 (0.017) | 0.386 | 0.424 | 0.308 | – | 0.80 | – | 85.6 | – (–) | – | 0 |
| naive OAL-IPW | 0.215 (0.018) | 0.396 | 0.451 | 0.415 | – | 1.05 | – | 90.8 | – (–) | – | 0 |
| GOAL-IPW | 0.215 (0.018) | 0.392 | 0.447 | 0.398 | – | 1.02 | – | 91.0 | – (–) | – | 0 |
| RY-ODS v2 | 0.145 (0.096) | 2.157 | 2.160 | 2.012 | 2.933 | 0.93 | 1.36 | 96.2 | 99.4 (0.3) | 11.50 | 0 |
| C-TMLE | 0.019 (0.028) | 0.619 | 0.619 | 0.261 | – | 0.42 | – | 56.9 | – (–) | – | 8 |

Selection:

| Arm | mean size | P(exact oracle) | P(superset) | P(IV excluded) | P(boundary retained) | mean noise | P(S_oal \\ S_out non-empty) |
|---|---|---|---|---|---|---|---|
| oracle OLS | 6.0 | – | – | – | – | – | – |
| oracle set + AIPW | 6.0 | 100.0 | 100.0 | 100.0 | 100.0 | 0.00 | – |
| full set + AIPW | 50.0 | 0.0 | 100.0 | 0.0 | 100.0 | 42.00 | – |
| outcome-only thr. | 5.5 | 0.5 | 3.4 | 89.3 | 22.1 | 1.64 | – |
| outcome-only BIC | 26.4 | 0.0 | 49.1 | 29.6 | 70.2 | 20.06 | – |
| OAL arm alone | 2.2 | 0.0 | 0.0 | 86.7 | 13.3 | 0.04 | – |
| naive OAL sel. + AIPW | 23.7 | 0.0 | 60.1 | 6.7 | 83.6 | 16.69 | – |
| ODS-thr | 5.6 | 0.5 | 3.5 | 85.4 | 22.7 | 1.64 | 6.8 |
| ODS-bic | 26.4 | 0.0 | 49.1 | 29.3 | 70.2 | 20.06 | 0.5 |
| treatment-only lasso | 7.2 | 0.0 | 0.2 | 3.9 | 76.5 | 2.02 | – |
| BCH-DS | 28.9 | 0.0 | 87.4 | 0.8 | 93.7 | 21.13 | – |
| naive OLS on ODS-thr set | 5.2 | – | – | – | – | – | – |
| naive OAL-IPW | 23.9 | – | – | – | – | – | – |
| GOAL-IPW | 36.7 | – | – | – | – | – | – |
| RY-ODS v2 | 38.0 | – | – | – | – | – | – |
| C-TMLE | – | – | – | – | – | – | – |

### Cell III: III (n=2000,p=20, local boundary) (n_reps = 500)

| Arm | bias (MCSE) | SD | RMSE | mean SE emp | mean SE stk | SE/SD emp | SE/SD stk | cov emp | cov stk (MCSE) | width stk | fail |
|---|---|---|---|---|---|---|---|---|---|---|---|
| oracle OLS | 0.001 (0.004) | 0.099 | 0.099 | 0.104 | – | 1.04 | – | 96.6 | – (–) | – | 0 |
| oracle set + AIPW | 0.001 (0.005) | 0.110 | 0.110 | 0.114 | 0.116 | 1.04 | 1.06 | 96.0 | 97.0 (0.8) | 0.46 | 0 |
| full set + AIPW | 0.007 (0.006) | 0.134 | 0.134 | 0.134 | 0.148 | 1.00 | 1.10 | 94.6 | 97.2 (0.7) | 0.58 | 0 |
| outcome-only thr. | 0.084 (0.004) | 0.096 | 0.127 | 0.097 | 0.097 | 1.01 | 1.01 | 84.0 | 84.0 (1.6) | 0.38 | 0 |
| outcome-only BIC | 0.038 (0.006) | 0.126 | 0.131 | 0.117 | 0.122 | 0.93 | 0.97 | 91.6 | 93.8 (1.1) | 0.48 | 0 |
| OAL arm alone | 0.080 (0.005) | 0.106 | 0.133 | 0.102 | 0.103 | 0.97 | 0.97 | 87.0 | 87.0 (1.5) | 0.40 | 0 |
| naive OAL sel. + AIPW | 0.018 (0.006) | 0.134 | 0.135 | 0.126 | 0.135 | 0.95 | 1.01 | 93.0 | 95.4 (0.9) | 0.53 | 0 |
| ODS-thr | 0.083 (0.004) | 0.096 | 0.127 | 0.097 | 0.097 | 1.01 | 1.01 | 84.8 | 84.8 (1.6) | 0.38 | 0 |
| ODS-bic | 0.038 (0.006) | 0.126 | 0.131 | 0.117 | 0.122 | 0.93 | 0.97 | 91.6 | 93.8 (1.1) | 0.48 | 0 |
| treatment-only lasso | 0.002 (0.006) | 0.141 | 0.141 | 0.141 | 0.154 | 1.00 | 1.09 | 94.4 | 96.4 (0.8) | 0.60 | 0 |
| BCH-DS | 0.007 (0.006) | 0.133 | 0.133 | 0.133 | 0.146 | 1.00 | 1.10 | 95.0 | 96.6 (0.8) | 0.57 | 0 |
| naive OLS on ODS-thr set | 0.078 (0.004) | 0.096 | 0.124 | 0.095 | – | 0.99 | – | 86.0 | – (–) | – | 0 |
| naive OAL-IPW | 0.057 (0.007) | 0.150 | 0.160 | 0.164 | – | 1.09 | – | 95.2 | – (–) | – | 0 |
| GOAL-IPW | 0.060 (0.006) | 0.140 | 0.152 | 0.149 | – | 1.07 | – | 94.0 | – (–) | – | 0 |
| RY-ODS v2 | 0.025 (0.008) | 0.183 | 0.185 | 0.176 | 0.186 | 0.96 | 1.02 | 93.8 | 96.6 (0.8) | 0.73 | 0 |
| C-TMLE | 0.008 (0.006) | 0.144 | 0.144 | 0.123 | – | 0.86 | – | 92.4 | – (–) | – | 0 |

Selection:

| Arm | mean size | P(exact oracle) | P(superset) | P(IV excluded) | P(boundary retained) | mean noise | P(S_oal \\ S_out non-empty) |
|---|---|---|---|---|---|---|---|
| oracle OLS | 6.0 | – | – | – | – | – | – |
| oracle set + AIPW | 6.0 | 100.0 | 100.0 | 100.0 | 100.0 | 0.00 | – |
| full set + AIPW | 20.0 | 0.0 | 100.0 | 0.0 | 100.0 | 12.00 | – |
| outcome-only thr. | 4.0 | 0.0 | 0.0 | 99.8 | 0.9 | 0.00 | – |
| outcome-only BIC | 11.4 | 0.2 | 43.2 | 33.5 | 63.0 | 5.24 | – |
| OAL arm alone | 2.7 | 0.0 | 0.0 | 99.5 | 2.3 | 0.00 | – |
| naive OAL sel. + AIPW | 12.5 | 2.6 | 78.5 | 10.3 | 88.5 | 5.28 | – |
| ODS-thr | 4.1 | 0.0 | 0.0 | 99.5 | 2.3 | 0.00 | 3.0 |
| ODS-bic | 11.4 | 0.2 | 43.2 | 33.5 | 63.0 | 5.24 | 0.0 |
| treatment-only lasso | 8.5 | 0.0 | 3.0 | 0.0 | 100.0 | 2.15 | – |
| BCH-DS | 14.4 | 0.0 | 100.0 | 0.0 | 100.0 | 6.44 | – |
| naive OLS on ODS-thr set | 4.1 | – | – | – | – | – | – |
| naive OAL-IPW | 12.7 | – | – | – | – | – | – |
| GOAL-IPW | 16.9 | – | – | – | – | – | – |
| RY-ODS v2 | 15.1 | – | – | – | – | – | – |
| C-TMLE | – | – | – | – | – | – | – |

### Cell M: M (misspecified OM) (n_reps = 500)

| Arm | bias (MCSE) | SD | RMSE | mean SE emp | mean SE stk | SE/SD emp | SE/SD stk | cov emp | cov stk (MCSE) | width stk | fail |
|---|---|---|---|---|---|---|---|---|---|---|---|
| oracle OLS | -0.012 (0.010) | 0.223 | 0.223 | 0.204 | – | 0.91 | – | 93.0 | – (–) | – | 0 |
| oracle set + AIPW | -0.011 (0.012) | 0.276 | 0.276 | 0.261 | 0.274 | 0.94 | 0.99 | 94.0 | 95.2 (1.0) | 1.08 | 0 |
| full set + AIPW | 0.005 (0.016) | 0.363 | 0.362 | 0.349 | 0.408 | 0.96 | 1.12 | 94.6 | 96.8 (0.8) | 1.60 | 0 |
| outcome-only thr. | 0.003 (0.013) | 0.283 | 0.283 | 0.262 | 0.276 | 0.93 | 0.97 | 92.8 | 94.0 (1.1) | 1.08 | 0 |
| outcome-only BIC | 0.004 (0.015) | 0.343 | 0.343 | 0.315 | 0.356 | 0.92 | 1.04 | 91.8 | 95.4 (0.9) | 1.40 | 0 |
| OAL arm alone | 0.003 (0.013) | 0.302 | 0.301 | 0.274 | 0.286 | 0.91 | 0.95 | 91.4 | 93.4 (1.1) | 1.12 | 0 |
| naive OAL sel. + AIPW | -0.003 (0.015) | 0.346 | 0.345 | 0.318 | 0.356 | 0.92 | 1.03 | 92.0 | 95.8 (0.9) | 1.40 | 0 |
| ODS-thr | 0.004 (0.013) | 0.282 | 0.281 | 0.263 | 0.277 | 0.93 | 0.98 | 93.4 | 94.2 (1.0) | 1.08 | 0 |
| ODS-bic | 0.004 (0.015) | 0.343 | 0.343 | 0.315 | 0.356 | 0.92 | 1.04 | 91.8 | 95.4 (0.9) | 1.40 | 0 |
| treatment-only lasso | -0.005 (0.016) | 0.360 | 0.360 | 0.339 | 0.375 | 0.94 | 1.04 | 93.4 | 95.8 (0.9) | 1.47 | 0 |
| BCH-DS | 0.006 (0.016) | 0.359 | 0.359 | 0.341 | 0.392 | 0.95 | 1.09 | 93.4 | 96.4 (0.8) | 1.54 | 0 |
| naive OLS on ODS-thr set | -0.041 (0.011) | 0.243 | 0.246 | 0.221 | – | 0.91 | – | 92.8 | – (–) | – | 0 |
| naive OAL-IPW | 0.124 (0.015) | 0.336 | 0.358 | 0.338 | – | 1.01 | – | 91.2 | – (–) | – | 0 |
| GOAL-IPW | 0.104 (0.015) | 0.325 | 0.341 | 0.324 | – | 1.00 | – | 92.8 | – (–) | – | 0 |
| RY-ODS v2 | 0.010 (0.021) | 0.459 | 0.459 | 0.462 | 0.524 | 1.01 | 1.14 | 95.0 | 96.8 (0.8) | 2.06 | 0 |
| C-TMLE | 0.016 (0.016) | 0.350 | 0.350 | 0.253 | – | 0.72 | – | 83.2 | – (–) | – | 0 |

Selection:

| Arm | mean size | P(exact oracle) | P(superset) | P(IV excluded) | P(boundary retained) | mean noise | P(S_oal \\ S_out non-empty) |
|---|---|---|---|---|---|---|---|
| oracle OLS | 6.0 | – | – | – | – | – | – |
| oracle set + AIPW | 6.0 | 100.0 | 100.0 | 100.0 | 100.0 | 0.00 | – |
| full set + AIPW | 20.0 | 0.0 | 100.0 | 0.0 | 100.0 | 12.00 | – |
| outcome-only thr. | 6.1 | 83.6 | 95.5 | 97.6 | 99.5 | 0.11 | – |
| outcome-only BIC | 14.7 | 0.2 | 99.9 | 16.1 | 100.0 | 7.46 | – |
| OAL arm alone | 4.3 | 3.2 | 3.2 | 96.2 | 99.0 | 0.00 | – |
| naive OAL sel. + AIPW | 12.7 | 1.8 | 93.4 | 10.2 | 100.0 | 5.29 | – |
| ODS-thr | 6.1 | 82.4 | 95.7 | 96.1 | 99.6 | 0.11 | 1.8 |
| ODS-bic | 14.7 | 0.2 | 99.9 | 16.1 | 100.0 | 7.46 | 0.0 |
| treatment-only lasso | 8.5 | 0.0 | 3.6 | 0.0 | 100.0 | 2.15 | – |
| BCH-DS | 16.3 | 0.0 | 100.0 | 0.0 | 100.0 | 8.27 | – |
| naive OLS on ODS-thr set | 6.1 | – | – | – | – | – | – |
| naive OAL-IPW | 12.4 | – | – | – | – | – | – |
| GOAL-IPW | 15.8 | – | – | – | – | – | – |
| RY-ODS v2 | 16.8 | – | – | – | – | – | – |
| C-TMLE | – | – | – | – | – | – | – |

### Cell P1: P1 (n=500,p=100) (n_reps = 500)

| Arm | bias (MCSE) | SD | RMSE | mean SE emp | mean SE stk | SE/SD emp | SE/SD stk | cov emp | cov stk (MCSE) | width stk | fail |
|---|---|---|---|---|---|---|---|---|---|---|---|
| oracle OLS | -0.019 (0.009) | 0.199 | 0.199 | 0.201 | – | 1.01 | – | 95.0 | – (–) | – | 0 |
| oracle set + AIPW | -0.021 (0.010) | 0.217 | 0.218 | 0.229 | 0.238 | 1.05 | 1.10 | 95.8 | 96.8 (0.8) | 0.93 | 0 |
| full set + AIPW | -0.058 (0.040) | 0.889 | 0.890 | 0.914 | 1.386 | 1.03 | 1.56 | 96.2 | 99.8 (0.2) | 5.43 | 0 |
| outcome-only thr. | 0.155 (0.010) | 0.228 | 0.276 | 0.218 | 0.229 | 0.96 | 1.00 | 87.0 | 88.2 (1.4) | 0.90 | 0 |
| outcome-only BIC | -0.033 (0.018) | 0.395 | 0.396 | 0.386 | 0.494 | 0.98 | 1.25 | 95.0 | 99.0 (0.4) | 1.94 | 0 |
| OAL arm alone | 0.185 (0.010) | 0.233 | 0.297 | 0.227 | 0.232 | 0.98 | 1.00 | 84.6 | 85.6 (1.6) | 0.91 | 0 |
| naive OAL sel. + AIPW | -0.022 (0.022) | 0.490 | 0.490 | 0.481 | 0.606 | 0.98 | 1.24 | 96.6 | 98.0 (0.6) | 2.37 | 0 |
| ODS-thr | 0.155 (0.010) | 0.228 | 0.276 | 0.220 | 0.230 | 0.96 | 1.01 | 87.2 | 88.2 (1.4) | 0.90 | 0 |
| ODS-bic | -0.033 (0.018) | 0.396 | 0.397 | 0.386 | 0.494 | 0.98 | 1.25 | 95.0 | 99.0 (0.4) | 1.94 | 0 |
| treatment-only lasso | -0.018 (0.015) | 0.345 | 0.345 | 0.332 | 0.360 | 0.96 | 1.04 | 94.4 | 96.4 (0.8) | 1.41 | 0 |
| BCH-DS | -0.072 (0.019) | 0.434 | 0.439 | 0.453 | 0.588 | 1.04 | 1.35 | 95.4 | 99.2 (0.4) | 2.30 | 0 |
| naive OLS on ODS-thr set | 0.096 (0.010) | 0.223 | 0.243 | 0.195 | – | 0.87 | – | 88.0 | – (–) | – | 0 |
| naive OAL-IPW | 0.136 (0.012) | 0.276 | 0.307 | 0.278 | – | 1.01 | – | 91.0 | – (–) | – | 0 |
| GOAL-IPW | 0.132 (0.012) | 0.258 | 0.289 | 0.263 | – | 1.02 | – | 91.2 | – (–) | – | 0 |
| RY-ODS v2 | 0.024 (0.037) | 0.818 | 0.818 | 0.853 | 1.194 | 1.04 | 1.46 | 96.6 | 99.8 (0.2) | 4.68 | 0 |
| C-TMLE | 0.001 (0.017) | 0.373 | 0.372 | 0.207 | – | 0.56 | – | 71.0 | – (–) | – | 0 |

Selection:

| Arm | mean size | P(exact oracle) | P(superset) | P(IV excluded) | P(boundary retained) | mean noise | P(S_oal \\ S_out non-empty) |
|---|---|---|---|---|---|---|---|
| oracle OLS | 6.0 | – | – | – | – | – | – |
| oracle set + AIPW | 6.0 | 100.0 | 100.0 | 100.0 | 100.0 | 0.00 | – |
| full set + AIPW | 100.0 | 0.0 | 100.0 | 0.0 | 100.0 | 92.00 | – |
| outcome-only thr. | 5.6 | 4.7 | 11.2 | 97.2 | 34.1 | 0.87 | – |
| outcome-only BIC | 37.0 | 0.0 | 77.2 | 46.2 | 87.1 | 30.59 | – |
| OAL arm alone | 2.9 | 0.3 | 0.3 | 95.0 | 25.0 | 0.00 | – |
| naive OAL sel. + AIPW | 37.9 | 0.0 | 86.7 | 6.8 | 95.7 | 30.56 | – |
| ODS-thr | 5.6 | 4.8 | 11.8 | 94.9 | 34.7 | 0.87 | 3.7 |
| ODS-bic | 37.0 | 0.0 | 77.2 | 46.0 | 87.1 | 30.59 | 0.3 |
| treatment-only lasso | 8.5 | 0.0 | 0.2 | 0.0 | 99.5 | 2.47 | – |
| BCH-DS | 40.2 | 0.0 | 100.0 | 0.0 | 100.0 | 32.21 | – |
| naive OLS on ODS-thr set | 5.3 | – | – | – | – | – | – |
| naive OAL-IPW | 37.1 | – | – | – | – | – | – |
| GOAL-IPW | 72.4 | – | – | – | – | – | – |
| RY-ODS v2 | 71.1 | – | – | – | – | – | – |
| C-TMLE | – | – | – | – | – | – | – |

### Cell P2: P2 (n=500,p=200) (n_reps = 300)

| Arm | bias (MCSE) | SD | RMSE | mean SE emp | mean SE stk | SE/SD emp | SE/SD stk | cov emp | cov stk (MCSE) | width stk | fail |
|---|---|---|---|---|---|---|---|---|---|---|---|
| oracle OLS | 0.011 (0.012) | 0.206 | 0.206 | 0.201 | – | 0.98 | – | 96.7 | – (–) | – | 0 |
| oracle set + AIPW | 0.019 (0.013) | 0.233 | 0.233 | 0.228 | 0.237 | 0.98 | 1.02 | 93.7 | 95.0 (1.3) | 0.93 | 0 |
| outcome-only thr. | 0.213 (0.015) | 0.256 | 0.332 | 0.224 | 0.241 | 0.88 | 0.94 | 78.3 | 81.7 (2.2) | 0.94 | 0 |
| outcome-only BIC | -0.051 (0.034) | 0.587 | 0.589 | 0.526 | 0.746 | 0.90 | 1.27 | 94.0 | 99.3 (0.5) | 2.92 | 0 |
| OAL arm alone | 0.236 (0.015) | 0.259 | 0.350 | 0.226 | 0.231 | 0.87 | 0.89 | 77.3 | 78.3 (2.4) | 0.91 | 0 |
| naive OAL sel. + AIPW | -0.009 (0.056) | 0.965 | 0.964 | 0.882 | 1.157 | 0.91 | 1.20 | 93.7 | 98.3 (0.7) | 4.54 | 0 |
| ODS-thr | 0.210 (0.015) | 0.254 | 0.329 | 0.226 | 0.242 | 0.89 | 0.95 | 80.0 | 82.3 (2.2) | 0.95 | 0 |
| ODS-bic | -0.051 (0.034) | 0.588 | 0.589 | 0.527 | 0.747 | 0.90 | 1.27 | 94.0 | 99.3 (0.5) | 2.93 | 0 |
| treatment-only lasso | 0.037 (0.021) | 0.357 | 0.358 | 0.341 | 0.368 | 0.95 | 1.03 | 94.7 | 96.7 (1.0) | 1.44 | 0 |
| BCH-DS | -0.098 (0.041) | 0.709 | 0.715 | 0.639 | 0.907 | 0.90 | 1.28 | 95.3 | 99.0 (0.6) | 3.55 | 0 |
| naive OLS on ODS-thr set | 0.146 (0.014) | 0.244 | 0.285 | 0.195 | – | 0.80 | – | 82.7 | – (–) | – | 0 |
| naive OAL-IPW | 0.256 (0.016) | 0.269 | 0.371 | 0.266 | – | 0.99 | – | 83.3 | – (–) | – | 0 |
| GOAL-IPW | 0.245 (0.014) | 0.250 | 0.350 | 0.256 | – | 1.02 | – | 82.0 | – (–) | – | 0 |
| RY-ODS v2 | 0.789 (0.431) | 7.457 | 7.486 | 2.875 | 3.709 | 0.39 | 0.50 | 95.0 | 97.3 (0.9) | 14.54 | 0 |
| C-TMLE | 0.304 (0.022) | 0.370 | 0.478 | 0.100 | – | 0.27 | – | 29.7 | – (–) | – | 10 |

Selection:

| Arm | mean size | P(exact oracle) | P(superset) | P(IV excluded) | P(boundary retained) | mean noise | P(S_oal \\ S_out non-empty) |
|---|---|---|---|---|---|---|---|
| oracle OLS | 6.0 | – | – | – | – | – | – |
| oracle set + AIPW | 6.0 | 100.0 | 100.0 | 100.0 | 100.0 | 0.00 | – |
| outcome-only thr. | 7.7 | 0.5 | 9.1 | 95.5 | 30.8 | 3.06 | – |
| outcome-only BIC | 56.8 | 0.0 | 69.3 | 54.8 | 82.8 | 50.62 | – |
| OAL arm alone | 2.8 | 0.2 | 0.2 | 93.1 | 22.2 | 0.00 | – |
| naive OAL sel. + AIPW | 64.3 | 0.0 | 79.3 | 7.3 | 93.4 | 57.08 | – |
| ODS-thr | 7.7 | 0.3 | 9.5 | 92.9 | 31.5 | 3.06 | 4.5 |
| ODS-bic | 56.8 | 0.0 | 69.5 | 53.8 | 82.9 | 50.62 | 1.4 |
| treatment-only lasso | 8.6 | 0.0 | 0.1 | 0.0 | 99.3 | 2.60 | – |
| BCH-DS | 60.5 | 0.0 | 99.7 | 0.0 | 99.9 | 52.55 | – |
| naive OLS on ODS-thr set | 6.3 | – | – | – | – | – | – |
| naive OAL-IPW | 57.6 | – | – | – | – | – | – |
| GOAL-IPW | 126.8 | – | – | – | – | – | – |
| RY-ODS v2 | 141.4 | – | – | – | – | – | – |
| C-TMLE | – | – | – | – | – | – | – |

### Cell C: C (AR(1) rho=.5, n=500,p=20) (n_reps = 500)

| Arm | bias (MCSE) | SD | RMSE | mean SE emp | mean SE stk | SE/SD emp | SE/SD stk | cov emp | cov stk (MCSE) | width stk | fail |
|---|---|---|---|---|---|---|---|---|---|---|---|
| oracle OLS | -0.016 (0.011) | 0.245 | 0.245 | 0.222 | – | 0.91 | – | 92.8 | – (–) | – | 0 |
| oracle set + AIPW | -0.017 (0.013) | 0.294 | 0.295 | 0.264 | 0.288 | 0.90 | 0.98 | 92.8 | 95.2 (1.0) | 1.13 | 0 |
| full set + AIPW | -0.000 (0.016) | 0.368 | 0.368 | 0.325 | 0.400 | 0.88 | 1.09 | 91.6 | 96.2 (0.9) | 1.57 | 0 |
| outcome-only thr. | -0.002 (0.013) | 0.301 | 0.301 | 0.265 | 0.291 | 0.88 | 0.97 | 93.0 | 95.2 (1.0) | 1.14 | 0 |
| outcome-only BIC | -0.012 (0.015) | 0.342 | 0.342 | 0.293 | 0.342 | 0.86 | 1.00 | 90.2 | 94.0 (1.1) | 1.34 | 0 |
| OAL arm alone | 0.056 (0.014) | 0.323 | 0.327 | 0.269 | 0.293 | 0.83 | 0.91 | 90.4 | 93.4 (1.1) | 1.15 | 0 |
| naive OAL sel. + AIPW | 0.008 (0.016) | 0.348 | 0.347 | 0.305 | 0.363 | 0.88 | 1.05 | 90.8 | 95.6 (0.9) | 1.42 | 0 |
| ODS-thr | -0.002 (0.014) | 0.302 | 0.302 | 0.266 | 0.293 | 0.88 | 0.97 | 92.8 | 95.0 (1.0) | 1.15 | 0 |
| ODS-bic | -0.012 (0.015) | 0.343 | 0.343 | 0.293 | 0.342 | 0.85 | 1.00 | 90.0 | 94.0 (1.1) | 1.34 | 0 |
| treatment-only lasso | 0.002 (0.016) | 0.359 | 0.358 | 0.308 | 0.363 | 0.86 | 1.01 | 89.6 | 93.6 (1.1) | 1.42 | 0 |
| BCH-DS | 0.003 (0.016) | 0.354 | 0.354 | 0.309 | 0.373 | 0.87 | 1.06 | 90.8 | 95.2 (1.0) | 1.46 | 0 |
| naive OLS on ODS-thr set | -0.015 (0.011) | 0.248 | 0.248 | 0.222 | – | 0.90 | – | 92.8 | – (–) | – | 0 |
| naive OAL-IPW | 0.419 (0.021) | 0.473 | 0.632 | 0.544 | – | 1.15 | – | 80.8 | – (–) | – | 0 |
| GOAL-IPW | 0.374 (0.019) | 0.422 | 0.563 | 0.520 | – | 1.23 | – | 84.8 | – (–) | – | 0 |
| RY-ODS v2 | 0.021 (0.021) | 0.481 | 0.481 | 0.431 | 0.516 | 0.90 | 1.07 | 92.2 | 96.8 (0.8) | 2.02 | 0 |
| C-TMLE | 0.006 (0.017) | 0.375 | 0.375 | 0.228 | – | 0.61 | – | 74.6 | – (–) | – | 0 |

Selection:

| Arm | mean size | P(exact oracle) | P(superset) | P(IV excluded) | P(boundary retained) | mean noise | P(S_oal \\ S_out non-empty) |
|---|---|---|---|---|---|---|---|
| oracle OLS | 6.0 | – | – | – | – | – | – |
| oracle set + AIPW | 6.0 | 100.0 | 100.0 | 100.0 | 100.0 | 0.00 | – |
| full set + AIPW | 20.0 | 0.0 | 100.0 | 0.0 | 100.0 | 12.00 | – |
| outcome-only thr. | 6.2 | 69.4 | 93.8 | 95.1 | 99.0 | 0.26 | – |
| outcome-only BIC | 12.2 | 1.7 | 99.9 | 36.7 | 100.0 | 5.39 | – |
| OAL arm alone | 5.2 | 22.4 | 23.6 | 92.2 | 93.5 | 0.00 | – |
| naive OAL sel. + AIPW | 14.3 | 0.8 | 94.4 | 10.7 | 99.8 | 6.88 | – |
| ODS-thr | 6.3 | 67.6 | 93.8 | 92.2 | 99.0 | 0.26 | 2.8 |
| ODS-bic | 12.2 | 1.7 | 99.9 | 36.6 | 100.0 | 5.39 | 0.1 |
| treatment-only lasso | 8.3 | 0.0 | 6.6 | 0.0 | 100.0 | 1.78 | – |
| BCH-DS | 14.4 | 0.0 | 99.9 | 0.0 | 100.0 | 6.37 | – |
| naive OLS on ODS-thr set | 6.3 | – | – | – | – | – | – |
| naive OAL-IPW | 14.7 | – | – | – | – | – | – |
| GOAL-IPW | 16.1 | – | – | – | – | – | – |
| RY-ODS v2 | 15.5 | – | – | – | – | – | – |
| C-TMLE | – | – | – | – | – | – | – |

### Cell Bd: Bd (bounded Rademacher, n=500,p=20) (n_reps = 500)

| Arm | bias (MCSE) | SD | RMSE | mean SE emp | mean SE stk | SE/SD emp | SE/SD stk | cov emp | cov stk (MCSE) | width stk | fail |
|---|---|---|---|---|---|---|---|---|---|---|---|
| oracle OLS | 0.005 (0.009) | 0.193 | 0.193 | 0.190 | – | 0.98 | – | 94.8 | – (–) | – | 0 |
| oracle set + AIPW | 0.006 (0.009) | 0.198 | 0.198 | 0.201 | 0.205 | 1.02 | 1.04 | 95.8 | 96.2 (0.9) | 0.80 | 0 |
| full set + AIPW | -0.005 (0.012) | 0.265 | 0.265 | 0.279 | 0.304 | 1.05 | 1.15 | 96.4 | 97.4 (0.7) | 1.19 | 0 |
| outcome-only thr. | 0.007 (0.009) | 0.200 | 0.200 | 0.201 | 0.206 | 1.01 | 1.03 | 95.6 | 95.8 (0.9) | 0.81 | 0 |
| outcome-only BIC | -0.009 (0.011) | 0.237 | 0.237 | 0.242 | 0.260 | 1.02 | 1.10 | 95.6 | 96.6 (0.8) | 1.02 | 0 |
| OAL arm alone | 0.051 (0.010) | 0.225 | 0.231 | 0.216 | 0.219 | 0.96 | 0.97 | 93.6 | 93.8 (1.1) | 0.86 | 0 |
| naive OAL sel. + AIPW | -0.003 (0.011) | 0.243 | 0.242 | 0.257 | 0.275 | 1.06 | 1.13 | 96.4 | 96.8 (0.8) | 1.08 | 0 |
| ODS-thr | 0.006 (0.009) | 0.201 | 0.201 | 0.202 | 0.206 | 1.00 | 1.03 | 95.6 | 95.8 (0.9) | 0.81 | 0 |
| ODS-bic | -0.009 (0.011) | 0.237 | 0.237 | 0.242 | 0.260 | 1.02 | 1.10 | 95.6 | 96.6 (0.8) | 1.02 | 0 |
| treatment-only lasso | 0.052 (0.012) | 0.265 | 0.270 | 0.272 | 0.278 | 1.03 | 1.05 | 94.8 | 95.8 (0.9) | 1.09 | 0 |
| BCH-DS | -0.002 (0.011) | 0.256 | 0.256 | 0.269 | 0.289 | 1.05 | 1.13 | 96.6 | 97.4 (0.7) | 1.13 | 0 |
| naive OLS on ODS-thr set | 0.005 (0.009) | 0.194 | 0.193 | 0.190 | – | 0.98 | – | 94.8 | – (–) | – | 0 |
| naive OAL-IPW | 0.024 (0.010) | 0.221 | 0.222 | 0.266 | – | 1.20 | – | 97.8 | – (–) | – | 0 |
| GOAL-IPW | 0.025 (0.010) | 0.216 | 0.218 | 0.260 | – | 1.20 | – | 97.4 | – (–) | – | 0 |
| RY-ODS v2 | 0.013 (0.016) | 0.354 | 0.354 | 0.359 | 0.383 | 1.01 | 1.08 | 95.6 | 96.6 (0.8) | 1.50 | 0 |
| C-TMLE | -0.002 (0.010) | 0.226 | 0.226 | 0.215 | – | 0.95 | – | 94.6 | – (–) | – | 0 |

Selection:

| Arm | mean size | P(exact oracle) | P(superset) | P(IV excluded) | P(boundary retained) | mean noise | P(S_oal \\ S_out non-empty) |
|---|---|---|---|---|---|---|---|
| oracle OLS | 6.0 | – | – | – | – | – | – |
| oracle set + AIPW | 6.0 | 100.0 | 100.0 | 100.0 | 100.0 | 0.00 | – |
| full set + AIPW | 20.0 | 0.0 | 100.0 | 0.0 | 100.0 | 12.00 | – |
| outcome-only thr. | 6.0 | 94.6 | 99.3 | 99.0 | 99.8 | 0.04 | – |
| outcome-only BIC | 13.8 | 0.4 | 100.0 | 23.4 | 100.0 | 6.71 | – |
| OAL arm alone | 4.1 | 3.1 | 3.1 | 98.7 | 93.7 | 0.00 | – |
| naive OAL sel. + AIPW | 14.5 | 1.3 | 98.0 | 6.0 | 100.0 | 6.92 | – |
| ODS-thr | 6.0 | 94.2 | 99.3 | 98.6 | 99.8 | 0.04 | 0.5 |
| ODS-bic | 13.8 | 0.4 | 100.0 | 23.4 | 100.0 | 6.71 | 0.0 |
| treatment-only lasso | 7.5 | 0.0 | 2.2 | 0.2 | 93.6 | 1.56 | – |
| BCH-DS | 15.4 | 0.0 | 100.0 | 0.0 | 100.0 | 7.39 | – |
| naive OLS on ODS-thr set | 6.0 | – | – | – | – | – | – |
| naive OAL-IPW | 14.5 | – | – | – | – | – | – |
| GOAL-IPW | 17.9 | – | – | – | – | – | – |
| RY-ODS v2 | 16.3 | – | – | – | – | – | – |
| C-TMLE | – | – | – | – | – | – | – |

### Cell H: H (heteroscedastic, n=500,p=20) (n_reps = 500)

| Arm | bias (MCSE) | SD | RMSE | mean SE emp | mean SE stk | SE/SD emp | SE/SD stk | cov emp | cov stk (MCSE) | width stk | fail |
|---|---|---|---|---|---|---|---|---|---|---|---|
| oracle OLS | -0.001 (0.009) | 0.206 | 0.205 | 0.203 | – | 0.99 | – | 94.6 | – (–) | – | 0 |
| oracle set + AIPW | -0.012 (0.011) | 0.243 | 0.243 | 0.238 | 0.250 | 0.98 | 1.03 | 95.2 | 96.2 (0.9) | 0.98 | 0 |
| full set + AIPW | 0.001 (0.015) | 0.330 | 0.330 | 0.322 | 0.374 | 0.98 | 1.13 | 95.0 | 97.4 (0.7) | 1.47 | 0 |
| outcome-only thr. | -0.007 (0.011) | 0.249 | 0.249 | 0.238 | 0.250 | 0.96 | 1.00 | 94.6 | 96.0 (0.9) | 0.98 | 0 |
| outcome-only BIC | -0.015 (0.014) | 0.305 | 0.305 | 0.287 | 0.321 | 0.94 | 1.05 | 93.8 | 95.6 (0.9) | 1.26 | 0 |
| OAL arm alone | -0.001 (0.012) | 0.272 | 0.272 | 0.251 | 0.262 | 0.92 | 0.96 | 95.0 | 95.6 (0.9) | 1.03 | 0 |
| naive OAL sel. + AIPW | -0.007 (0.013) | 0.297 | 0.297 | 0.288 | 0.321 | 0.97 | 1.08 | 93.4 | 96.0 (0.9) | 1.26 | 0 |
| ODS-thr | -0.008 (0.011) | 0.250 | 0.250 | 0.239 | 0.251 | 0.96 | 1.00 | 94.6 | 96.0 (0.9) | 0.98 | 0 |
| ODS-bic | -0.015 (0.014) | 0.305 | 0.305 | 0.287 | 0.321 | 0.94 | 1.05 | 93.8 | 95.6 (0.9) | 1.26 | 0 |
| treatment-only lasso | -0.013 (0.015) | 0.338 | 0.338 | 0.316 | 0.350 | 0.94 | 1.04 | 93.6 | 95.2 (1.0) | 1.37 | 0 |
| BCH-DS | -0.003 (0.014) | 0.322 | 0.322 | 0.312 | 0.358 | 0.97 | 1.11 | 94.8 | 97.0 (0.8) | 1.40 | 0 |
| naive OLS on ODS-thr set | -0.001 (0.009) | 0.208 | 0.208 | 0.204 | – | 0.98 | – | 94.4 | – (–) | – | 0 |
| naive OAL-IPW | 0.123 (0.013) | 0.297 | 0.321 | 0.316 | – | 1.07 | – | 94.0 | – (–) | – | 0 |
| GOAL-IPW | 0.097 (0.012) | 0.275 | 0.291 | 0.302 | – | 1.10 | – | 94.8 | – (–) | – | 0 |
| RY-ODS v2 | 0.002 (0.019) | 0.418 | 0.418 | 0.420 | 0.476 | 1.01 | 1.14 | 95.6 | 97.4 (0.7) | 1.87 | 0 |
| C-TMLE | 0.001 (0.014) | 0.310 | 0.310 | 0.233 | – | 0.75 | – | 85.2 | – (–) | – | 0 |

Selection:

| Arm | mean size | P(exact oracle) | P(superset) | P(IV excluded) | P(boundary retained) | mean noise | P(S_oal \\ S_out non-empty) |
|---|---|---|---|---|---|---|---|
| oracle OLS | 6.0 | – | – | – | – | – | – |
| oracle set + AIPW | 6.0 | 100.0 | 100.0 | 100.0 | 100.0 | 0.00 | – |
| full set + AIPW | 20.0 | 0.0 | 100.0 | 0.0 | 100.0 | 12.00 | – |
| outcome-only thr. | 6.1 | 91.6 | 98.0 | 98.4 | 99.7 | 0.05 | – |
| outcome-only BIC | 14.1 | 0.4 | 100.0 | 22.5 | 100.0 | 6.92 | – |
| OAL arm alone | 4.3 | 2.6 | 2.6 | 97.4 | 99.1 | 0.00 | – |
| naive OAL sel. + AIPW | 12.0 | 3.0 | 93.5 | 13.5 | 100.0 | 4.70 | – |
| ODS-thr | 6.1 | 90.5 | 98.1 | 97.2 | 99.7 | 0.05 | 1.3 |
| ODS-bic | 14.1 | 0.4 | 100.0 | 22.5 | 100.0 | 6.92 | 0.0 |
| treatment-only lasso | 8.5 | 0.0 | 4.7 | 0.0 | 100.0 | 2.18 | – |
| BCH-DS | 15.8 | 0.0 | 100.0 | 0.0 | 100.0 | 7.84 | – |
| naive OLS on ODS-thr set | 6.1 | – | – | – | – | – | – |
| naive OAL-IPW | 12.1 | – | – | – | – | – | – |
| GOAL-IPW | 15.3 | – | – | – | – | – | – |
| RY-ODS v2 | 16.4 | – | – | – | – | – | – |
| C-TMLE | – | – | – | – | – | – | – |

### Cell IV6: IV6 (six instruments, n=500,p=20) (n_reps = 500)

| Arm | bias (MCSE) | SD | RMSE | mean SE emp | mean SE stk | SE/SD emp | SE/SD stk | cov emp | cov stk (MCSE) | width stk | fail |
|---|---|---|---|---|---|---|---|---|---|---|---|
| oracle OLS | -0.007 (0.008) | 0.186 | 0.186 | 0.194 | – | 1.04 | – | 97.0 | – (–) | – | 0 |
| oracle set + AIPW | -0.007 (0.009) | 0.205 | 0.205 | 0.212 | 0.218 | 1.03 | 1.07 | 96.6 | 96.6 (0.8) | 0.86 | 0 |
| full set + AIPW | -0.026 (0.016) | 0.349 | 0.350 | 0.324 | 0.398 | 0.93 | 1.14 | 93.2 | 98.0 (0.6) | 1.56 | 0 |
| outcome-only thr. | -0.004 (0.009) | 0.210 | 0.210 | 0.213 | 0.220 | 1.02 | 1.05 | 96.4 | 96.4 (0.8) | 0.86 | 0 |
| outcome-only BIC | -0.015 (0.014) | 0.303 | 0.304 | 0.282 | 0.317 | 0.93 | 1.05 | 94.0 | 96.0 (0.9) | 1.24 | 0 |
| OAL arm alone | 0.013 (0.010) | 0.228 | 0.228 | 0.226 | 0.231 | 0.99 | 1.01 | 95.0 | 95.2 (1.0) | 0.91 | 0 |
| naive OAL sel. + AIPW | -0.014 (0.014) | 0.311 | 0.311 | 0.287 | 0.322 | 0.92 | 1.03 | 94.2 | 96.2 (0.9) | 1.26 | 0 |
| ODS-thr | -0.004 (0.009) | 0.210 | 0.210 | 0.214 | 0.221 | 1.02 | 1.05 | 96.4 | 96.4 (0.8) | 0.86 | 0 |
| ODS-bic | -0.015 (0.014) | 0.303 | 0.304 | 0.282 | 0.317 | 0.93 | 1.05 | 94.0 | 96.0 (0.9) | 1.24 | 0 |
| treatment-only lasso | -0.022 (0.016) | 0.362 | 0.362 | 0.330 | 0.392 | 0.91 | 1.08 | 93.2 | 96.8 (0.8) | 1.54 | 0 |
| BCH-DS | -0.022 (0.016) | 0.348 | 0.348 | 0.321 | 0.390 | 0.92 | 1.12 | 93.2 | 97.8 (0.7) | 1.53 | 0 |
| naive OLS on ODS-thr set | -0.009 (0.008) | 0.189 | 0.189 | 0.194 | – | 1.03 | – | 96.8 | – (–) | – | 0 |
| naive OAL-IPW | 0.118 (0.013) | 0.287 | 0.310 | 0.301 | – | 1.05 | – | 94.0 | – (–) | – | 0 |
| GOAL-IPW | 0.094 (0.012) | 0.258 | 0.274 | 0.281 | – | 1.09 | – | 94.4 | – (–) | – | 0 |
| RY-ODS v2 | -0.029 (0.019) | 0.419 | 0.420 | 0.423 | 0.487 | 1.01 | 1.16 | 95.0 | 96.8 (0.8) | 1.91 | 0 |
| C-TMLE | -0.010 (0.017) | 0.380 | 0.380 | 0.228 | – | 0.60 | – | 74.0 | – (–) | – | 0 |

Selection:

| Arm | mean size | P(exact oracle) | P(superset) | P(IV excluded) | P(boundary retained) | mean noise | P(S_oal \\ S_out non-empty) |
|---|---|---|---|---|---|---|---|
| oracle OLS | 6.0 | – | – | – | – | – | – |
| oracle set + AIPW | 6.0 | 100.0 | 100.0 | 100.0 | 100.0 | 0.00 | – |
| full set + AIPW | 20.0 | 0.0 | 100.0 | 0.0 | 100.0 | 8.00 | – |
| outcome-only thr. | 6.1 | 91.8 | 98.7 | 95.8 | 99.8 | 0.03 | – |
| outcome-only BIC | 13.9 | 0.3 | 100.0 | 2.8 | 100.0 | 4.55 | – |
| OAL arm alone | 4.3 | 3.6 | 3.8 | 96.4 | 97.6 | 0.00 | – |
| naive OAL sel. + AIPW | 12.2 | 0.4 | 93.0 | 1.0 | 100.0 | 2.44 | – |
| ODS-thr | 6.1 | 91.3 | 98.7 | 95.2 | 99.8 | 0.03 | 0.6 |
| ODS-bic | 13.9 | 0.3 | 100.0 | 2.8 | 100.0 | 4.55 | 0.0 |
| treatment-only lasso | 14.2 | 0.0 | 20.8 | 0.0 | 100.0 | 3.33 | – |
| BCH-DS | 18.0 | 0.0 | 100.0 | 0.0 | 100.0 | 5.99 | – |
| naive OLS on ODS-thr set | 6.0 | – | – | – | – | – | – |
| naive OAL-IPW | 12.3 | – | – | – | – | – | – |
| GOAL-IPW | 16.0 | – | – | – | – | – | – |
| RY-ODS v2 | 16.1 | – | – | – | – | – | – |
| C-TMLE | – | – | – | – | – | – | – |

### Cell B500_k1.50: B (boundary seq., kappa=1.50, b_n=0.693) (n_reps = 500)

| Arm | bias (MCSE) | SD | RMSE | mean SE emp | mean SE stk | SE/SD emp | SE/SD stk | cov emp | cov stk (MCSE) | width stk | fail |
|---|---|---|---|---|---|---|---|---|---|---|---|
| oracle OLS | -0.015 (0.009) | 0.204 | 0.205 | 0.209 | – | 1.02 | – | 95.6 | – (–) | – | 0 |
| oracle set + AIPW | -0.013 (0.011) | 0.237 | 0.237 | 0.245 | 0.258 | 1.03 | 1.09 | 95.4 | 96.4 (0.8) | 1.01 | 0 |
| full set + AIPW | -0.011 (0.014) | 0.320 | 0.320 | 0.325 | 0.384 | 1.01 | 1.20 | 94.6 | 97.4 (0.7) | 1.51 | 0 |
| outcome-only thr. | -0.012 (0.011) | 0.238 | 0.238 | 0.245 | 0.259 | 1.03 | 1.09 | 95.2 | 96.6 (0.8) | 1.02 | 0 |
| outcome-only BIC | -0.009 (0.013) | 0.299 | 0.299 | 0.293 | 0.333 | 0.98 | 1.11 | 93.8 | 96.2 (0.9) | 1.30 | 0 |
| OAL arm alone | -0.007 (0.012) | 0.260 | 0.260 | 0.260 | 0.272 | 1.00 | 1.05 | 94.6 | 96.0 (0.9) | 1.07 | 0 |
| ODS-thr | -0.011 (0.011) | 0.237 | 0.237 | 0.246 | 0.260 | 1.04 | 1.10 | 95.4 | 96.6 (0.8) | 1.02 | 0 |
| ODS-bic | -0.009 (0.013) | 0.299 | 0.299 | 0.293 | 0.333 | 0.98 | 1.11 | 93.8 | 96.2 (0.9) | 1.30 | 0 |
| BCH-DS | -0.011 (0.014) | 0.316 | 0.316 | 0.316 | 0.370 | 1.00 | 1.17 | 93.8 | 96.6 (0.8) | 1.45 | 0 |
| naive OLS on ODS-thr set | -0.017 (0.009) | 0.204 | 0.204 | 0.209 | – | 1.03 | – | 96.0 | – (–) | – | 0 |

Selection:

| Arm | mean size | P(exact oracle) | P(superset) | P(IV excluded) | P(boundary retained) | mean noise | P(S_oal \\ S_out non-empty) |
|---|---|---|---|---|---|---|---|
| oracle OLS | 6.0 | – | – | – | – | – | – |
| oracle set + AIPW | 6.0 | 100.0 | 100.0 | 100.0 | 100.0 | 0.00 | – |
| full set + AIPW | 20.0 | 0.0 | 100.0 | 0.0 | 100.0 | 12.00 | – |
| outcome-only thr. | 6.0 | 94.2 | 99.3 | 98.9 | 100.0 | 0.04 | – |
| outcome-only BIC | 14.2 | 0.2 | 100.0 | 21.3 | 100.0 | 7.02 | – |
| OAL arm alone | 4.3 | 2.2 | 2.2 | 98.1 | 100.0 | 0.00 | – |
| ODS-thr | 6.1 | 93.3 | 99.3 | 98.0 | 100.0 | 0.04 | 0.9 |
| ODS-bic | 14.2 | 0.2 | 100.0 | 21.3 | 100.0 | 7.02 | 0.0 |
| BCH-DS | 16.0 | 0.0 | 100.0 | 0.0 | 100.0 | 7.99 | – |
| naive OLS on ODS-thr set | 6.0 | – | – | – | – | – | – |

### Cell B500_k1.10: B (boundary seq., kappa=1.10, b_n=0.334) (n_reps = 500)

| Arm | bias (MCSE) | SD | RMSE | mean SE emp | mean SE stk | SE/SD emp | SE/SD stk | cov emp | cov stk (MCSE) | width stk | fail |
|---|---|---|---|---|---|---|---|---|---|---|---|
| oracle OLS | -0.011 (0.009) | 0.210 | 0.210 | 0.208 | – | 0.99 | – | 95.0 | – (–) | – | 0 |
| oracle set + AIPW | -0.005 (0.011) | 0.245 | 0.244 | 0.244 | 0.257 | 1.00 | 1.05 | 93.8 | 95.0 (1.0) | 1.01 | 0 |
| full set + AIPW | -0.009 (0.015) | 0.335 | 0.335 | 0.327 | 0.386 | 0.98 | 1.15 | 94.4 | 97.0 (0.8) | 1.51 | 0 |
| outcome-only thr. | 0.165 (0.012) | 0.277 | 0.322 | 0.228 | 0.238 | 0.82 | 0.86 | 79.4 | 81.6 (1.7) | 0.93 | 0 |
| outcome-only BIC | 0.002 (0.014) | 0.306 | 0.306 | 0.292 | 0.329 | 0.95 | 1.07 | 91.8 | 95.8 (0.9) | 1.29 | 0 |
| OAL arm alone | 0.152 (0.013) | 0.293 | 0.330 | 0.245 | 0.254 | 0.84 | 0.87 | 83.6 | 84.6 (1.6) | 1.00 | 0 |
| ODS-thr | 0.136 (0.013) | 0.280 | 0.311 | 0.232 | 0.243 | 0.83 | 0.87 | 82.2 | 84.2 (1.6) | 0.95 | 0 |
| ODS-bic | 0.002 (0.014) | 0.306 | 0.306 | 0.292 | 0.329 | 0.95 | 1.07 | 91.8 | 95.8 (0.9) | 1.29 | 0 |
| BCH-DS | -0.012 (0.015) | 0.330 | 0.330 | 0.318 | 0.369 | 0.97 | 1.12 | 92.8 | 97.0 (0.8) | 1.45 | 0 |
| naive OLS on ODS-thr set | 0.050 (0.011) | 0.248 | 0.252 | 0.204 | – | 0.83 | – | 88.6 | – (–) | – | 0 |

Selection:

| Arm | mean size | P(exact oracle) | P(superset) | P(IV excluded) | P(boundary retained) | mean noise | P(S_oal \\ S_out non-empty) |
|---|---|---|---|---|---|---|---|
| oracle OLS | 6.0 | – | – | – | – | – | – |
| oracle set + AIPW | 6.0 | 100.0 | 100.0 | 100.0 | 100.0 | 0.00 | – |
| full set + AIPW | 20.0 | 0.0 | 100.0 | 0.0 | 100.0 | 12.00 | – |
| outcome-only thr. | 5.3 | 37.5 | 39.8 | 99.0 | 62.0 | 0.05 | – |
| outcome-only BIC | 14.1 | 0.2 | 96.8 | 20.4 | 98.3 | 6.96 | – |
| OAL arm alone | 3.7 | 1.6 | 1.6 | 98.1 | 65.7 | 0.00 | – |
| ODS-thr | 5.4 | 44.5 | 47.3 | 98.0 | 67.9 | 0.05 | 12.4 |
| ODS-bic | 14.1 | 0.2 | 96.8 | 20.4 | 98.3 | 6.96 | 0.0 |
| BCH-DS | 16.0 | 0.0 | 100.0 | 0.0 | 100.0 | 7.96 | – |
| naive OLS on ODS-thr set | 5.6 | – | – | – | – | – | – |

### Cell B500_k0.75: B (boundary seq., kappa=0.75, b_n=0.176) (n_reps = 500)

| Arm | bias (MCSE) | SD | RMSE | mean SE emp | mean SE stk | SE/SD emp | SE/SD stk | cov emp | cov stk (MCSE) | width stk | fail |
|---|---|---|---|---|---|---|---|---|---|---|---|
| oracle OLS | 0.005 (0.010) | 0.215 | 0.215 | 0.208 | – | 0.97 | – | 94.0 | – (–) | – | 0 |
| oracle set + AIPW | -0.000 (0.011) | 0.244 | 0.244 | 0.241 | 0.253 | 0.99 | 1.04 | 94.6 | 95.8 (0.9) | 0.99 | 0 |
| full set + AIPW | -0.004 (0.015) | 0.337 | 0.337 | 0.322 | 0.379 | 0.95 | 1.12 | 94.0 | 97.2 (0.7) | 1.49 | 0 |
| outcome-only thr. | 0.202 (0.010) | 0.220 | 0.299 | 0.207 | 0.212 | 0.94 | 0.96 | 83.8 | 84.2 (1.6) | 0.83 | 0 |
| outcome-only BIC | 0.050 (0.014) | 0.306 | 0.310 | 0.277 | 0.309 | 0.91 | 1.01 | 92.0 | 94.6 (1.0) | 1.21 | 0 |
| OAL arm alone | 0.202 (0.011) | 0.239 | 0.312 | 0.221 | 0.226 | 0.93 | 0.95 | 84.6 | 84.8 (1.6) | 0.88 | 0 |
| ODS-thr | 0.196 (0.010) | 0.226 | 0.299 | 0.209 | 0.215 | 0.93 | 0.95 | 84.4 | 85.4 (1.6) | 0.84 | 0 |
| ODS-bic | 0.050 (0.014) | 0.306 | 0.310 | 0.277 | 0.309 | 0.91 | 1.01 | 92.0 | 94.6 (1.0) | 1.21 | 0 |
| BCH-DS | -0.002 (0.015) | 0.326 | 0.326 | 0.312 | 0.360 | 0.95 | 1.10 | 93.4 | 96.8 (0.8) | 1.41 | 0 |
| naive OLS on ODS-thr set | 0.151 (0.010) | 0.229 | 0.274 | 0.193 | – | 0.84 | – | 83.6 | – (–) | – | 0 |

Selection:

| Arm | mean size | P(exact oracle) | P(superset) | P(IV excluded) | P(boundary retained) | mean noise | P(S_oal \\ S_out non-empty) |
|---|---|---|---|---|---|---|---|
| oracle OLS | 6.0 | – | – | – | – | – | – |
| oracle set + AIPW | 6.0 | 100.0 | 100.0 | 100.0 | 100.0 | 0.00 | – |
| full set + AIPW | 20.0 | 0.0 | 100.0 | 0.0 | 100.0 | 12.00 | – |
| outcome-only thr. | 4.3 | 2.3 | 2.4 | 97.9 | 13.6 | 0.04 | – |
| outcome-only BIC | 13.2 | 0.2 | 65.2 | 24.5 | 79.3 | 6.52 | – |
| OAL arm alone | 2.7 | 0.1 | 0.1 | 96.8 | 16.2 | 0.00 | – |
| ODS-thr | 4.4 | 3.0 | 3.4 | 96.6 | 17.0 | 0.04 | 7.9 |
| ODS-bic | 13.2 | 0.2 | 65.2 | 24.5 | 79.3 | 6.52 | 0.0 |
| BCH-DS | 15.6 | 0.0 | 100.0 | 0.0 | 100.0 | 7.56 | – |
| naive OLS on ODS-thr set | 4.5 | – | – | – | – | – | – |

### Cell B2000_k1.50: B (boundary seq., kappa=1.50, b_n=0.469) (n_reps = 500)

| Arm | bias (MCSE) | SD | RMSE | mean SE emp | mean SE stk | SE/SD emp | SE/SD stk | cov emp | cov stk (MCSE) | width stk | fail |
|---|---|---|---|---|---|---|---|---|---|---|---|
| oracle OLS | -0.001 (0.005) | 0.104 | 0.104 | 0.104 | – | 1.00 | – | 94.8 | – (–) | – | 0 |
| oracle set + AIPW | -0.001 (0.005) | 0.117 | 0.117 | 0.114 | 0.117 | 0.98 | 1.00 | 93.4 | 94.8 (1.0) | 0.46 | 0 |
| full set + AIPW | 0.002 (0.006) | 0.138 | 0.138 | 0.134 | 0.148 | 0.97 | 1.07 | 94.2 | 96.2 (0.9) | 0.58 | 0 |
| outcome-only thr. | -0.001 (0.005) | 0.117 | 0.116 | 0.114 | 0.117 | 0.98 | 1.00 | 93.4 | 94.8 (1.0) | 0.46 | 0 |
| outcome-only BIC | 0.003 (0.006) | 0.136 | 0.136 | 0.125 | 0.133 | 0.92 | 0.98 | 92.6 | 93.8 (1.1) | 0.52 | 0 |
| OAL arm alone | -0.003 (0.006) | 0.127 | 0.127 | 0.121 | 0.123 | 0.95 | 0.97 | 93.2 | 93.6 (1.1) | 0.48 | 0 |
| ODS-thr | -0.001 (0.005) | 0.117 | 0.116 | 0.114 | 0.117 | 0.98 | 1.00 | 93.4 | 94.8 (1.0) | 0.46 | 0 |
| ODS-bic | 0.003 (0.006) | 0.136 | 0.136 | 0.125 | 0.133 | 0.92 | 0.98 | 92.6 | 93.8 (1.1) | 0.52 | 0 |
| BCH-DS | 0.002 (0.006) | 0.138 | 0.138 | 0.134 | 0.147 | 0.97 | 1.06 | 93.8 | 96.0 (0.9) | 0.58 | 0 |
| naive OLS on ODS-thr set | -0.001 (0.005) | 0.104 | 0.104 | 0.104 | – | 1.00 | – | 94.8 | – (–) | – | 0 |

Selection:

| Arm | mean size | P(exact oracle) | P(superset) | P(IV excluded) | P(boundary retained) | mean noise | P(S_oal \\ S_out non-empty) |
|---|---|---|---|---|---|---|---|
| oracle OLS | 6.0 | – | – | – | – | – | – |
| oracle set + AIPW | 6.0 | 100.0 | 100.0 | 100.0 | 100.0 | 0.00 | – |
| full set + AIPW | 20.0 | 0.0 | 100.0 | 0.0 | 100.0 | 12.00 | – |
| outcome-only thr. | 6.0 | 99.4 | 100.0 | 99.9 | 100.0 | 0.01 | – |
| outcome-only BIC | 13.2 | 0.6 | 100.0 | 25.2 | 100.0 | 6.21 | – |
| OAL arm alone | 4.6 | 8.6 | 8.6 | 99.7 | 100.0 | 0.00 | – |
| ODS-thr | 6.0 | 99.2 | 100.0 | 99.7 | 100.0 | 0.01 | 0.2 |
| ODS-bic | 13.2 | 0.6 | 100.0 | 25.2 | 100.0 | 6.21 | 0.0 |
| BCH-DS | 15.3 | 0.0 | 100.0 | 0.0 | 100.0 | 7.27 | – |
| naive OLS on ODS-thr set | 6.0 | – | – | – | – | – | – |

### Cell B2000_k1.10: B (boundary seq., kappa=1.10, b_n=0.208) (n_reps = 500)

| Arm | bias (MCSE) | SD | RMSE | mean SE emp | mean SE stk | SE/SD emp | SE/SD stk | cov emp | cov stk (MCSE) | width stk | fail |
|---|---|---|---|---|---|---|---|---|---|---|---|
| oracle OLS | -0.002 (0.005) | 0.104 | 0.104 | 0.104 | – | 1.00 | – | 96.2 | – (–) | – | 0 |
| oracle set + AIPW | -0.002 (0.005) | 0.115 | 0.115 | 0.114 | 0.117 | 0.99 | 1.02 | 94.2 | 94.8 (1.0) | 0.46 | 0 |
| full set + AIPW | -0.003 (0.006) | 0.142 | 0.142 | 0.133 | 0.147 | 0.94 | 1.04 | 92.8 | 95.0 (1.0) | 0.58 | 0 |
| outcome-only thr. | 0.081 (0.006) | 0.141 | 0.162 | 0.109 | 0.110 | 0.77 | 0.78 | 78.4 | 78.8 (1.8) | 0.43 | 0 |
| outcome-only BIC | -0.004 (0.006) | 0.130 | 0.130 | 0.125 | 0.133 | 0.96 | 1.02 | 93.8 | 95.2 (1.0) | 0.52 | 0 |
| OAL arm alone | 0.061 (0.006) | 0.142 | 0.155 | 0.116 | 0.118 | 0.82 | 0.83 | 86.2 | 86.6 (1.5) | 0.46 | 0 |
| ODS-thr | 0.060 (0.006) | 0.137 | 0.149 | 0.110 | 0.112 | 0.80 | 0.82 | 83.2 | 84.2 (1.6) | 0.44 | 0 |
| ODS-bic | -0.004 (0.006) | 0.130 | 0.130 | 0.125 | 0.133 | 0.96 | 1.02 | 93.8 | 95.2 (1.0) | 0.52 | 0 |
| BCH-DS | -0.002 (0.006) | 0.142 | 0.142 | 0.132 | 0.146 | 0.93 | 1.03 | 93.2 | 94.8 (1.0) | 0.57 | 0 |
| naive OLS on ODS-thr set | 0.021 (0.005) | 0.122 | 0.124 | 0.102 | – | 0.84 | – | 88.8 | – (–) | – | 0 |

Selection:

| Arm | mean size | P(exact oracle) | P(superset) | P(IV excluded) | P(boundary retained) | mean noise | P(S_oal \\ S_out non-empty) |
|---|---|---|---|---|---|---|---|
| oracle OLS | 6.0 | – | – | – | – | – | – |
| oracle set + AIPW | 6.0 | 100.0 | 100.0 | 100.0 | 100.0 | 0.00 | – |
| full set + AIPW | 20.0 | 0.0 | 100.0 | 0.0 | 100.0 | 12.00 | – |
| outcome-only thr. | 5.4 | 49.3 | 49.4 | 99.9 | 69.3 | 0.00 | – |
| outcome-only BIC | 13.0 | 0.2 | 99.4 | 25.6 | 99.7 | 6.00 | – |
| OAL arm alone | 4.2 | 6.8 | 6.8 | 99.6 | 77.2 | 0.00 | – |
| ODS-thr | 5.6 | 60.3 | 60.6 | 99.6 | 77.2 | 0.00 | 15.3 |
| ODS-bic | 13.0 | 0.2 | 99.4 | 25.6 | 99.7 | 6.00 | 0.0 |
| BCH-DS | 15.1 | 0.0 | 100.0 | 0.0 | 100.0 | 7.11 | – |
| naive OLS on ODS-thr set | 5.7 | – | – | – | – | – | – |

### Cell B2000_k0.75: B (boundary seq., kappa=0.75, b_n=0.102) (n_reps = 500)

| Arm | bias (MCSE) | SD | RMSE | mean SE emp | mean SE stk | SE/SD emp | SE/SD stk | cov emp | cov stk (MCSE) | width stk | fail |
|---|---|---|---|---|---|---|---|---|---|---|---|
| oracle OLS | -0.002 (0.005) | 0.102 | 0.102 | 0.104 | – | 1.01 | – | 93.6 | – (–) | – | 0 |
| oracle set + AIPW | -0.002 (0.005) | 0.114 | 0.114 | 0.114 | 0.117 | 1.01 | 1.03 | 95.8 | 96.4 (0.8) | 0.46 | 0 |
| full set + AIPW | -0.007 (0.007) | 0.146 | 0.146 | 0.134 | 0.148 | 0.92 | 1.02 | 92.4 | 95.6 (0.9) | 0.58 | 0 |
| outcome-only thr. | 0.118 (0.004) | 0.097 | 0.153 | 0.097 | 0.098 | 1.01 | 1.01 | 77.6 | 78.4 (1.8) | 0.38 | 0 |
| outcome-only BIC | 0.026 (0.006) | 0.140 | 0.142 | 0.121 | 0.127 | 0.87 | 0.91 | 91.0 | 92.4 (1.2) | 0.50 | 0 |
| OAL arm alone | 0.112 (0.005) | 0.109 | 0.156 | 0.104 | 0.104 | 0.95 | 0.96 | 79.6 | 80.0 (1.8) | 0.41 | 0 |
| ODS-thr | 0.113 (0.004) | 0.100 | 0.151 | 0.098 | 0.099 | 0.99 | 0.99 | 79.0 | 79.8 (1.8) | 0.39 | 0 |
| ODS-bic | 0.026 (0.006) | 0.140 | 0.142 | 0.121 | 0.127 | 0.87 | 0.91 | 91.0 | 92.4 (1.2) | 0.50 | 0 |
| BCH-DS | -0.007 (0.007) | 0.146 | 0.146 | 0.133 | 0.147 | 0.92 | 1.01 | 93.0 | 95.6 (0.9) | 0.57 | 0 |
| naive OLS on ODS-thr set | 0.094 (0.005) | 0.105 | 0.141 | 0.096 | – | 0.91 | – | 81.0 | – (–) | – | 0 |

Selection:

| Arm | mean size | P(exact oracle) | P(superset) | P(IV excluded) | P(boundary retained) | mean noise | P(S_oal \\ S_out non-empty) |
|---|---|---|---|---|---|---|---|
| oracle OLS | 6.0 | – | – | – | – | – | – |
| oracle set + AIPW | 6.0 | 100.0 | 100.0 | 100.0 | 100.0 | 0.00 | – |
| full set + AIPW | 20.0 | 0.0 | 100.0 | 0.0 | 100.0 | 12.00 | – |
| outcome-only thr. | 4.1 | 0.8 | 0.8 | 99.8 | 6.9 | 0.01 | – |
| outcome-only BIC | 12.1 | 0.2 | 67.4 | 30.4 | 80.9 | 5.57 | – |
| OAL arm alone | 3.0 | 0.3 | 0.3 | 99.2 | 11.6 | 0.00 | – |
| ODS-thr | 4.2 | 2.0 | 2.0 | 99.2 | 11.6 | 0.01 | 9.8 |
| ODS-bic | 12.1 | 0.2 | 67.4 | 30.4 | 80.9 | 5.57 | 0.0 |
| BCH-DS | 14.8 | 0.0 | 100.0 | 0.0 | 100.0 | 6.77 | – |
| naive OLS on ODS-thr set | 4.3 | – | – | – | – | – | – |

### Cell B8000_k1.50: B (boundary seq., kappa=1.50, b_n=0.301) (n_reps = 500)

| Arm | bias (MCSE) | SD | RMSE | mean SE emp | mean SE stk | SE/SD emp | SE/SD stk | cov emp | cov stk (MCSE) | width stk | fail |
|---|---|---|---|---|---|---|---|---|---|---|---|
| oracle OLS | 0.001 (0.002) | 0.051 | 0.051 | 0.052 | – | 1.02 | – | 94.8 | – (–) | – | 0 |
| oracle set + AIPW | 0.000 (0.002) | 0.055 | 0.055 | 0.056 | 0.057 | 1.03 | 1.04 | 95.2 | 95.4 (0.9) | 0.22 | 0 |
| full set + AIPW | -0.004 (0.003) | 0.065 | 0.065 | 0.064 | 0.070 | 0.99 | 1.08 | 94.0 | 96.6 (0.8) | 0.28 | 0 |
| outcome-only thr. | 0.000 (0.002) | 0.055 | 0.055 | 0.056 | 0.057 | 1.03 | 1.04 | 95.2 | 95.4 (0.9) | 0.22 | 0 |
| outcome-only BIC | -0.000 (0.003) | 0.061 | 0.061 | 0.060 | 0.063 | 0.98 | 1.03 | 94.4 | 95.8 (0.9) | 0.25 | 0 |
| OAL arm alone | 0.001 (0.003) | 0.057 | 0.057 | 0.059 | 0.060 | 1.03 | 1.05 | 94.6 | 95.2 (1.0) | 0.23 | 0 |
| ODS-thr | 0.000 (0.002) | 0.055 | 0.055 | 0.056 | 0.057 | 1.03 | 1.04 | 95.2 | 95.4 (0.9) | 0.22 | 0 |
| ODS-bic | -0.000 (0.003) | 0.061 | 0.061 | 0.060 | 0.063 | 0.98 | 1.03 | 94.4 | 95.8 (0.9) | 0.25 | 0 |
| BCH-DS | -0.003 (0.003) | 0.065 | 0.065 | 0.064 | 0.070 | 0.99 | 1.08 | 94.4 | 96.6 (0.8) | 0.27 | 0 |
| naive OLS on ODS-thr set | 0.001 (0.002) | 0.051 | 0.051 | 0.052 | – | 1.02 | – | 94.8 | – (–) | – | 0 |

Selection:

| Arm | mean size | P(exact oracle) | P(superset) | P(IV excluded) | P(boundary retained) | mean noise | P(S_oal \\ S_out non-empty) |
|---|---|---|---|---|---|---|---|
| oracle OLS | 6.0 | – | – | – | – | – | – |
| oracle set + AIPW | 6.0 | 100.0 | 100.0 | 100.0 | 100.0 | 0.00 | – |
| full set + AIPW | 20.0 | 0.0 | 100.0 | 0.0 | 100.0 | 12.00 | – |
| outcome-only thr. | 6.0 | 100.0 | 100.0 | 100.0 | 100.0 | 0.00 | – |
| outcome-only BIC | 12.2 | 1.0 | 100.0 | 33.2 | 100.0 | 5.35 | – |
| OAL arm alone | 4.9 | 22.2 | 22.2 | 100.0 | 100.0 | 0.00 | – |
| ODS-thr | 6.0 | 100.0 | 100.0 | 100.0 | 100.0 | 0.00 | 0.0 |
| ODS-bic | 12.2 | 1.0 | 100.0 | 33.2 | 100.0 | 5.35 | 0.0 |
| BCH-DS | 14.5 | 0.0 | 100.0 | 0.0 | 100.0 | 6.53 | – |
| naive OLS on ODS-thr set | 6.0 | – | – | – | – | – | – |

### Cell B8000_k1.10: B (boundary seq., kappa=1.10, b_n=0.125) (n_reps = 500)

| Arm | bias (MCSE) | SD | RMSE | mean SE emp | mean SE stk | SE/SD emp | SE/SD stk | cov emp | cov stk (MCSE) | width stk | fail |
|---|---|---|---|---|---|---|---|---|---|---|---|
| oracle OLS | -0.001 (0.002) | 0.053 | 0.052 | 0.052 | – | 0.99 | – | 95.0 | – (–) | – | 0 |
| oracle set + AIPW | 0.003 (0.003) | 0.057 | 0.057 | 0.056 | 0.057 | 0.98 | 1.00 | 95.2 | 95.4 (0.9) | 0.22 | 0 |
| full set + AIPW | 0.003 (0.003) | 0.072 | 0.072 | 0.064 | 0.070 | 0.89 | 0.98 | 91.8 | 94.2 (1.0) | 0.28 | 0 |
| outcome-only thr. | 0.048 (0.003) | 0.078 | 0.092 | 0.054 | 0.054 | 0.69 | 0.70 | 74.2 | 74.4 (2.0) | 0.21 | 0 |
| outcome-only BIC | 0.005 (0.003) | 0.064 | 0.064 | 0.060 | 0.063 | 0.94 | 0.98 | 94.4 | 96.2 (0.9) | 0.25 | 0 |
| OAL arm alone | 0.030 (0.003) | 0.075 | 0.081 | 0.057 | 0.058 | 0.76 | 0.76 | 82.6 | 82.8 (1.7) | 0.23 | 0 |
| ODS-thr | 0.031 (0.003) | 0.073 | 0.079 | 0.055 | 0.055 | 0.75 | 0.76 | 81.8 | 82.4 (1.7) | 0.22 | 0 |
| ODS-bic | 0.005 (0.003) | 0.064 | 0.064 | 0.060 | 0.063 | 0.94 | 0.98 | 94.4 | 96.2 (0.9) | 0.25 | 0 |
| BCH-DS | 0.003 (0.003) | 0.072 | 0.072 | 0.064 | 0.070 | 0.89 | 0.98 | 91.6 | 94.2 (1.0) | 0.27 | 0 |
| naive OLS on ODS-thr set | 0.010 (0.003) | 0.064 | 0.065 | 0.051 | – | 0.80 | – | 87.2 | – (–) | – | 0 |

Selection:

| Arm | mean size | P(exact oracle) | P(superset) | P(IV excluded) | P(boundary retained) | mean noise | P(S_oal \\ S_out non-empty) |
|---|---|---|---|---|---|---|---|
| oracle OLS | 6.0 | – | – | – | – | – | – |
| oracle set + AIPW | 6.0 | 100.0 | 100.0 | 100.0 | 100.0 | 0.00 | – |
| full set + AIPW | 20.0 | 0.0 | 100.0 | 0.0 | 100.0 | 12.00 | – |
| outcome-only thr. | 5.4 | 52.2 | 52.2 | 100.0 | 71.2 | 0.00 | – |
| outcome-only BIC | 12.2 | 0.8 | 100.0 | 31.3 | 100.0 | 5.31 | – |
| OAL arm alone | 4.6 | 16.4 | 16.4 | 100.0 | 82.0 | 0.00 | – |
| ODS-thr | 5.6 | 68.5 | 68.5 | 100.0 | 82.0 | 0.00 | 20.6 |
| ODS-bic | 12.2 | 0.8 | 100.0 | 31.3 | 100.0 | 5.31 | 0.0 |
| BCH-DS | 14.5 | 0.0 | 100.0 | 0.0 | 100.0 | 6.49 | – |
| naive OLS on ODS-thr set | 5.8 | – | – | – | – | – | – |

### Cell B8000_k0.75: B (boundary seq., kappa=0.75, b_n=0.058) (n_reps = 500)

| Arm | bias (MCSE) | SD | RMSE | mean SE emp | mean SE stk | SE/SD emp | SE/SD stk | cov emp | cov stk (MCSE) | width stk | fail |
|---|---|---|---|---|---|---|---|---|---|---|---|
| oracle OLS | -0.001 (0.002) | 0.054 | 0.054 | 0.052 | – | 0.96 | – | 93.0 | – (–) | – | 0 |
| oracle set + AIPW | -0.001 (0.003) | 0.059 | 0.059 | 0.056 | 0.057 | 0.95 | 0.97 | 93.2 | 94.0 (1.1) | 0.22 | 0 |
| full set + AIPW | 0.001 (0.003) | 0.071 | 0.071 | 0.064 | 0.070 | 0.91 | 0.99 | 92.8 | 95.4 (0.9) | 0.27 | 0 |
| outcome-only thr. | 0.069 (0.002) | 0.049 | 0.085 | 0.048 | 0.048 | 0.97 | 0.98 | 69.4 | 69.6 (2.1) | 0.19 | 0 |
| outcome-only BIC | 0.009 (0.003) | 0.069 | 0.069 | 0.058 | 0.060 | 0.85 | 0.88 | 90.2 | 91.0 (1.3) | 0.24 | 0 |
| OAL arm alone | 0.066 (0.002) | 0.053 | 0.085 | 0.050 | 0.050 | 0.95 | 0.95 | 73.6 | 73.8 (2.0) | 0.20 | 0 |
| ODS-thr | 0.067 (0.002) | 0.051 | 0.084 | 0.048 | 0.048 | 0.95 | 0.95 | 69.2 | 69.4 (2.1) | 0.19 | 0 |
| ODS-bic | 0.009 (0.003) | 0.069 | 0.069 | 0.058 | 0.060 | 0.85 | 0.88 | 90.2 | 91.0 (1.3) | 0.24 | 0 |
| BCH-DS | 0.001 (0.003) | 0.071 | 0.071 | 0.064 | 0.070 | 0.90 | 0.98 | 92.0 | 95.4 (0.9) | 0.27 | 0 |
| naive OLS on ODS-thr set | 0.061 (0.002) | 0.055 | 0.082 | 0.047 | – | 0.87 | – | 70.2 | – (–) | – | 0 |

Selection:

| Arm | mean size | P(exact oracle) | P(superset) | P(IV excluded) | P(boundary retained) | mean noise | P(S_oal \\ S_out non-empty) |
|---|---|---|---|---|---|---|---|
| oracle OLS | 6.0 | – | – | – | – | – | – |
| oracle set + AIPW | 6.0 | 100.0 | 100.0 | 100.0 | 100.0 | 0.00 | – |
| full set + AIPW | 20.0 | 0.0 | 100.0 | 0.0 | 100.0 | 12.00 | – |
| outcome-only thr. | 4.1 | 0.2 | 0.2 | 99.9 | 2.8 | 0.00 | – |
| outcome-only BIC | 11.3 | 0.3 | 72.3 | 37.6 | 83.7 | 4.84 | – |
| OAL arm alone | 3.1 | 0.0 | 0.0 | 99.8 | 5.9 | 0.00 | – |
| ODS-thr | 4.1 | 0.6 | 0.6 | 99.8 | 5.9 | 0.00 | 6.4 |
| ODS-bic | 11.3 | 0.3 | 72.3 | 37.6 | 83.7 | 4.84 | 0.0 |
| BCH-DS | 14.1 | 0.0 | 100.0 | 0.0 | 100.0 | 6.13 | – |
| naive OLS on ODS-thr set | 4.2 | – | – | – | – | – | – |


## Boundary sequence

| n | kappa | b_n | b_n/kappa_n(tr) | P(bdry retained) out_thr | oads_thr | out_bic | bias out_thr | bias/SD out_thr | cov stk: oracle | out_thr | oads_thr | oads_bic | BCH |
|---|---|---|---|---|---|---|---|---|---|---|---|---|---|
| 500 | 1.5 | 0.693 | 2.31 | 100.0 | 100.0 | 100.0 | -0.012 | -0.05 | 96.4 | 96.6 | 96.6 | 96.2 | 96.6 |
| 500 | 1.1 | 0.334 | 1.11 | 62.0 | 67.9 | 98.3 | 0.165 | 0.59 | 95.0 | 81.6 | 84.2 | 95.8 | 97.0 |
| 500 | 0.75 | 0.176 | 0.59 | 13.6 | 17.0 | 79.3 | 0.202 | 0.92 | 95.8 | 84.2 | 85.4 | 94.6 | 96.8 |
| 2000 | 1.5 | 0.469 | 2.54 | 100.0 | 100.0 | 100.0 | -0.001 | -0.01 | 94.8 | 94.8 | 94.8 | 93.8 | 96.0 |
| 2000 | 1.1 | 0.208 | 1.13 | 69.3 | 77.2 | 99.7 | 0.081 | 0.57 | 94.8 | 78.8 | 84.2 | 95.2 | 94.8 |
| 2000 | 0.75 | 0.102 | 0.55 | 6.9 | 11.6 | 80.9 | 0.118 | 1.22 | 96.4 | 78.4 | 79.8 | 92.4 | 95.6 |
| 8000 | 1.5 | 0.301 | 2.75 | 100.0 | 100.0 | 100.0 | 0.000 | 0.01 | 95.4 | 95.4 | 95.4 | 95.8 | 96.6 |
| 8000 | 1.1 | 0.125 | 1.14 | 71.2 | 82.0 | 100.0 | 0.048 | 0.62 | 95.4 | 74.4 | 82.4 | 96.2 | 94.2 |
| 8000 | 0.75 | 0.058 | 0.53 | 2.8 | 5.9 | 83.7 | 0.069 | 1.40 | 94.0 | 69.6 | 69.4 | 91.0 | 95.4 |

## Key numbers

I: oads_thr cov_stk 94.6 cov_emp 93.6; out_thr cov_stk 94.8 SD 0.248 vs oads_thr SD 0.249; oads_bic cov_stk 95.6; bch 97.6; oal_ipw 92.0; goal 92.8; ry2 stk 95.8 width/oracleOLS 2.33; widened B1 oads_thr 99.2 width ratio 1.81; se_ratio_emp/stk oads_thr 0.94/0.98 full 0.96/1.12 bch 0.95/1.08; trim_frac full 0.219 oads_thr 0.023
II: oads_thr cov_stk 89.4 cov_emp 86.6; out_thr cov_stk 88.4 SD 0.431 vs oads_thr SD 0.434; oads_bic cov_stk 99.4; bch 99.4; oal_ipw 90.8; goal 91.0; ry2 stk 99.4 width/oracleOLS 9.13; widened B1 oads_thr 98.8 width ratio 2.16; se_ratio_emp/stk oads_thr 0.93/1.06 full 0.99/1.36 bch 1.03/1.49; trim_frac full 0.784 oads_thr 0.013
III: oads_thr cov_stk 84.8 cov_emp 84.8; out_thr cov_stk 84.0 SD 0.096 vs oads_thr SD 0.096; oads_bic cov_stk 93.8; bch 96.6; oal_ipw 95.2; goal 94.0; ry2 stk 96.6 width/oracleOLS 1.80; widened B1 oads_thr 99.4 width ratio 1.42; se_ratio_emp/stk oads_thr 1.01/1.01 full 1.00/1.10 bch 1.00/1.10; trim_frac full 0.210 oads_thr 0.000
M: oads_thr cov_stk 94.2 cov_emp 93.4; out_thr cov_stk 94.0 SD 0.283 vs oads_thr SD 0.282; oads_bic cov_stk 95.4; bch 96.4; oal_ipw 91.2; goal 92.8; ry2 stk 96.8 width/oracleOLS 2.57; widened B1 oads_thr 100.0 width ratio 2.05; se_ratio_emp/stk oads_thr 0.93/0.98 full 0.96/1.12 bch 0.95/1.09; trim_frac full 0.217 oads_thr 0.024
P1: oads_thr cov_stk 88.2 cov_emp 87.2; out_thr cov_stk 88.2 SD 0.228 vs oads_thr SD 0.228; oads_bic cov_stk 99.0; bch 99.2; oal_ipw 91.0; goal 91.2; ry2 stk 99.8 width/oracleOLS 5.95; widened B1 oads_thr 99.2 width ratio 1.73; se_ratio_emp/stk oads_thr 0.96/1.01 full 1.03/1.56 bch 1.04/1.35; trim_frac full 0.531 oads_thr 0.006
P2: oads_thr cov_stk 82.3 cov_emp 80.0; out_thr cov_stk 81.7 SD 0.256 vs oads_thr SD 0.254; oads_bic cov_stk 99.3; bch 99.0; oal_ipw 83.3; goal 82.0; ry2 stk 97.3 width/oracleOLS 18.41; widened B1 oads_thr 97.0 width ratio 1.82; se_ratio_emp/stk oads_thr 0.89/0.95 full –/– bch 0.90/1.28; trim_frac full – oads_thr 0.007
C: oads_thr cov_stk 95.0 cov_emp 92.8; out_thr cov_stk 95.2 SD 0.301 vs oads_thr SD 0.302; oads_bic cov_stk 94.0; bch 95.2; oal_ipw 80.8; goal 84.8; ry2 stk 96.8 width/oracleOLS 2.33; widened B1 oads_thr 99.4 width ratio 1.99; se_ratio_emp/stk oads_thr 0.88/0.97 full 0.88/1.09 bch 0.87/1.06; trim_frac full 0.377 oads_thr 0.137
Bd: oads_thr cov_stk 95.8 cov_emp 95.6; out_thr cov_stk 95.8 SD 0.200 vs oads_thr SD 0.201; oads_bic cov_stk 96.6; bch 97.4; oal_ipw 97.8; goal 97.4; ry2 stk 96.6 width/oracleOLS 2.02; widened B1 oads_thr 99.6 width ratio 1.64; se_ratio_emp/stk oads_thr 1.00/1.03 full 1.05/1.15 bch 1.05/1.13; trim_frac full 0.029 oads_thr 0.000
H: oads_thr cov_stk 96.0 cov_emp 94.6; out_thr cov_stk 96.0 SD 0.249 vs oads_thr SD 0.250; oads_bic cov_stk 95.6; bch 97.0; oal_ipw 94.0; goal 94.8; ry2 stk 97.4 width/oracleOLS 2.34; widened B1 oads_thr 100.0 width ratio 1.86; se_ratio_emp/stk oads_thr 0.96/1.00 full 0.98/1.13 bch 0.97/1.11; trim_frac full 0.221 oads_thr 0.023
IV6: oads_thr cov_stk 96.4 cov_emp 96.4; out_thr cov_stk 96.4 SD 0.210 vs oads_thr SD 0.210; oads_bic cov_stk 96.0; bch 97.8; oal_ipw 94.0; goal 94.4; ry2 stk 96.8 width/oracleOLS 2.51; widened B1 oads_thr 99.8 width ratio 1.72; se_ratio_emp/stk oads_thr 1.02/1.05 full 0.93/1.14 bch 0.92/1.12; trim_frac full 0.368 oads_thr 0.003
== analysis/Rscript apply_realdata2.R 21:51:50
RHC pool: n = 5735  p = 74 
50 件以上の警告がありました (最初の 50 個の警告を見るには warnings() を使って下さい)
50 件以上の警告がありました (最初の 50 個の警告を見るには warnings() を使って下さい)
time: 1.2 min
apply_realdata2.R -- 2026-09-17 21:53 
se_emp: empirical variance of AIPW pseudo-observations (Hajek fixed-weight sandwich for oal_ipw); se_stk: stacked sandwich (B.1).
lo/hi_w1: Theorem-3 widened interval with B = one stacked SE. mean_size: mean selected-set size over the 5 folds.

                           outcome    n  p      arm estimate  se_emp  se_stk
 30-day survival (risk difference) 5735 74     full -0.07139 0.01593 0.01739
 30-day survival (risk difference) 5735 74  out_thr -0.07353 0.01287 0.01321
 30-day survival (risk difference) 5735 74  out_bic -0.05819 0.01222 0.01262
 30-day survival (risk difference) 5735 74  oal_fix -0.06606 0.01220 0.01240
 30-day survival (risk difference) 5735 74 oal_wamd -0.07072 0.01588 0.01728
 30-day survival (risk difference) 5735 74 oads_thr -0.07353 0.01287 0.01321
 30-day survival (risk difference) 5735 74 oads_bic -0.06049 0.01235 0.01277
 30-day survival (risk difference) 5735 74  trt_bic -0.06219 0.01582 0.01735
 30-day survival (risk difference) 5735 74      bch -0.06254 0.01544 0.01645
 30-day survival (risk difference) 5735 74  oal_ipw -0.06232 0.01689      NA
             length of stay (days) 5734 74     full  2.35314 0.97515 1.08946
             length of stay (days) 5734 74  out_thr  2.33990 0.94922 1.02942
             length of stay (days) 5734 74  out_bic  2.24309 0.96367 1.07571
             length of stay (days) 5734 74  oal_fix  2.55782 0.96802 1.02365
             length of stay (days) 5734 74 oal_wamd  2.37103 0.96745 1.07636
             length of stay (days) 5734 74 oads_thr  2.33990 0.94922 1.02942
             length of stay (days) 5734 74 oads_bic  2.24309 0.96367 1.07571
             length of stay (days) 5734 74  trt_bic  2.82748 0.94496 1.10172
             length of stay (days) 5734 74      bch  2.35427 0.97605 1.09040
             length of stay (days) 5734 74  oal_ipw  2.54167 0.92006      NA
   lo_emp   hi_emp   lo_stk   hi_stk    lo_w1    hi_w1 mean_size trim_frac
 -0.10260 -0.04017 -0.10548 -0.03730 -0.12287 -0.01991      74.0 0.0725371
 -0.09875 -0.04830 -0.09942 -0.04763 -0.11263 -0.03442      15.8 0.0043592
 -0.08215 -0.03423 -0.08293 -0.03345 -0.09556 -0.02083      10.8 0.0013949
 -0.08998 -0.04214 -0.09037 -0.04176 -0.10277 -0.02936       6.0 0.0008718
 -0.10185 -0.03958 -0.10459 -0.03685 -0.12187 -0.01957      70.2 0.0720139
 -0.09875 -0.04830 -0.09942 -0.04763 -0.11263 -0.03442      15.8 0.0043592
 -0.08469 -0.03629 -0.08553 -0.03546 -0.09830 -0.02268      12.4 0.0036617
 -0.09319 -0.03119 -0.09620 -0.02818 -0.11355 -0.01082      38.2 0.0610288
 -0.09281 -0.03227 -0.09478 -0.03030 -0.11123 -0.01385      44.4 0.0673060
 -0.09541 -0.02922       NA       NA       NA       NA      74.0 0.0702703
  0.44186  4.26443  0.21781  4.48848 -0.87165  5.57794      74.0 0.0741193
  0.47942  4.20038  0.32223  4.35757 -0.70719  5.38699      63.4 0.0582490
  0.35431  4.13188  0.13471  4.35148 -0.94100  5.42719      73.4 0.0716777
  0.66051  4.45513  0.55146  4.56417 -0.47219  5.58783      38.4 0.0479595
  0.47482  4.26724  0.26136  4.48070 -0.81501  5.55707      72.0 0.0718521
  0.47942  4.20038  0.32223  4.35757 -0.70719  5.38699      63.4 0.0582490
  0.35431  4.13188  0.13471  4.35148 -0.94100  5.42719      73.4 0.0716777
  0.97536  4.67960  0.66811  4.98685 -0.43360  6.08857      44.2 0.0640042
  0.44121  4.26733  0.21709  4.49145 -0.87330  5.58185      73.6 0.0739449
  0.73836  4.34499       NA       NA       NA       NA      74.0 0.0704569

--- 30-day survival (risk difference) ---
S_oal \ S_out(thr), frequency over folds:
numeric(0)
S_oal \ S_out(bic), frequency over folds:

cat2MOSF w/Sepsis          cat2None           malighx 
              1.0               0.4               0.2 
selected by the treatment lasso but not by ODS-thr (candidate treatment-only predictors), frequency over folds:

              cardYes               cat1CHF         cat1Cirrhosis 
                  1.0                   1.0                   1.0 
    cat1MOSF w/Sepsis              dementhx              gastrYes 
                  1.0                   1.0                   1.0 
                hema1                  hrt1               meanbp1 
                  1.0                   1.0                   1.0 
                pafi1                  pot1                 resp1 
                  1.0                   1.0                   1.0 
              respYes                  sod1               transhx 
                  1.0                   1.0                   1.0 
            traumaYes               wtkilo1                  alb1 
                  1.0                   1.0                   0.8 
             cat1COPD                 crea1                   edu 
                  0.8                   0.8                   0.8 
              hemaYes               malighx              neuroYes 
                  0.8                   0.8                   0.8 
               paco21               psychhx            urin1_miss 
                  0.8                   0.8                   0.8 
                 aps1                   ph1              renalYes 
                  0.6                   0.6                   0.6 
              sepsYes                 temp1                   age 
                  0.4                   0.4                   0.2 
             cardiohx       cat2Lung Cancer cat2MOSF w/Malignancy 
                  0.2                   0.2                   0.2 
                chfhx              chrpulhx              gibledhx 
                  0.2                   0.2                   0.2 
              immunhx      ninsclasMedicare              orthoYes 
                  0.2                   0.2                   0.2 
              renalhx                scoma1               sexMale 
                  0.2                   0.2                   0.2 
         wtkilo1_zero 
                  0.2 
full-set propensity score quantiles and tail mass:
     0%      1%      5%     25%     50%     75%     95%     99%    100% below05 
 0.0025  0.0171  0.0416  0.1614  0.3427  0.5788  0.8282  0.9226  0.9896  0.0659 
above95 
 0.0045 
sensitivity: trimming at 0.01 (main split):
      arm estimate  se_emp  se_stk mean_size trim_frac
     full -0.07900 0.02097 0.02270      74.0  0.004359
  out_thr -0.08583 0.01919 0.01969      15.8  0.001221
  out_bic -0.05819 0.01222 0.01262      10.8  0.000000
  oal_fix -0.06606 0.01220 0.01240       6.0  0.000000
 oal_wamd -0.07834 0.02147 0.02301      70.2  0.004010
 oads_thr -0.08583 0.01919 0.01969      15.8  0.001221
 oads_bic -0.06049 0.01235 0.01277      12.4  0.000000
  trt_bic -0.06153 0.01794 0.01918      38.2  0.002267
      bch -0.06360 0.01706 0.01822      44.4  0.002790
  oal_ipw -0.05997 0.01758      NA      74.0  0.000000
split stability (estimate range over 5 fold splits):
      arm  est_min  est_max se_stk_min se_stk_max
     full -0.07167 -0.06899    0.01687    0.01810
  out_thr -0.07353 -0.06520    0.01321    0.01369
  out_bic -0.06192 -0.05310    0.01262    0.01305
  oal_fix -0.06988 -0.06606    0.01236    0.01251
 oal_wamd -0.07227 -0.06888    0.01687    0.01796
 oads_thr -0.07353 -0.06520    0.01321    0.01369
 oads_bic -0.06286 -0.05554    0.01277    0.01319
  trt_bic -0.06788 -0.06207    0.01608    0.01735
      bch -0.06687 -0.06011    0.01624    0.01699
  oal_ipw -0.06232 -0.06232         NA         NA

--- length of stay (days) ---
S_oal \ S_out(thr), frequency over folds:
numeric(0)
S_oal \ S_out(bic), frequency over folds:
numeric(0)
selected by the treatment lasso but not by ODS-thr (candidate treatment-only predictors), frequency over folds:

         psychhx          cardYes          meanbp1         renalYes 
             1.0              0.8              0.4              0.4 
           resp1         cardiohx              edu          immunhx 
             0.4              0.2              0.2              0.2 
         malighx ninsclasMedicare  ninsclasPrivate        traumaYes 
             0.2              0.2              0.2              0.2 
           urin1          wtkilo1 
             0.2              0.2 
full-set propensity score quantiles and tail mass:
     0%      1%      5%     25%     50%     75%     95%     99%    100% below05 
 0.0025  0.0171  0.0416  0.1616  0.3426  0.5785  0.8281  0.9225  0.9896  0.0657 
above95 
 0.0045 
sensitivity: trimming at 0.01 (main split):
      arm estimate se_emp se_stk mean_size trim_frac
     full    2.714 1.4028  2.087      74.0  0.003139
  out_thr    2.668 1.6561  2.612      63.4  0.002093
  out_bic    1.872 1.1099  1.325      73.4  0.003139
  oal_fix    3.307 1.4418  2.216      38.4  0.001046
 oal_wamd    2.662 1.3942  2.075      72.0  0.003139
 oads_thr    2.668 1.6561  2.612      63.4  0.002093
 oads_bic    1.872 1.1099  1.325      73.4  0.003139
  trt_bic    2.872 0.9518  1.103      44.2  0.002267
      bch    2.719 1.4034  2.088      73.6  0.003314
  oal_ipw    2.561 0.9302     NA      74.0  0.000000
split stability (estimate range over 5 fold splits):
      arm est_min est_max se_stk_min se_stk_max
     full   2.069   3.122     1.0416      1.089
  out_thr   2.204   2.876     0.9948      1.038
  out_bic   2.111   3.122     1.0359      1.076
  oal_fix   2.502   2.855     0.9647      1.024
 oal_wamd   2.112   3.139     1.0408      1.076
 oads_thr   2.204   2.876     0.9948      1.038
 oads_bic   2.111   3.122     1.0359      1.076
  trt_bic   2.777   3.390     0.9880      1.102
      bch   2.057   3.122     1.0416      1.090
  oal_ipw   2.542   2.542         NA         NA
== analysis/Rscript bound_tables.R 21:53:04
bound_tables.R -- 2026-09-17 21:53  quadrature nodes per dimension: 80 

Table 1: bias of the reduced pseudo-true AIPW target when Z2 (b2 != 0) is omitted, S = {1}
  bias_over_a2b2: bias / (a2 b2); stein_T1: E[(e - e*) h z2] b2 (equals a2 b2 c_PS under Gaussian independence);
  T2 = E[(e - e*){q1/e* + q0/(1 - e*)}] (arm-projection remainder; bias = T1 - T2 exactly, all designs);
  holder_bound: ||e - e*||_2 sum_a ||m_a - m*_a||_4 ||1/e*_a||_4 (Lemma A3).

     design  a0  a1  a2 b1  b2 c_nl     bias a2b2 bias_over_a2b2 stein_T1
      gauss 0.5 1.0 1.0  1 0.3  0.0 0.253270 0.30         0.8442   0.2529
      gauss 0.0 1.0 2.0  1 0.3  0.0 0.369349 0.60         0.6156   0.3692
      gauss 0.5 1.0 0.5  1 0.3  0.0 0.143043 0.15         0.9536   0.1429
      gauss 1.0 1.5 1.5  1 0.3  0.0 0.335706 0.45         0.7460   0.3328
        ar1 0.5 1.0 1.0  1 0.3  0.0 0.199949 0.30         0.6665   0.2008
        ar1 0.0 1.0 2.0  1 0.3  0.0 0.314360 0.60         0.5239   0.3150
        ar1 0.5 1.0 0.5  1 0.3  0.0 0.108789 0.15         0.7253   0.1091
        ar1 1.0 1.5 1.5  1 0.3  0.0 0.275746 0.45         0.6128   0.2755
 rademacher 0.5 1.0 1.0  1 0.3  0.0 0.266301 0.30         0.8877   0.2663
 rademacher 0.0 1.0 2.0  1 0.3  0.0 0.431345 0.60         0.7189   0.4313
 rademacher 0.5 1.0 0.5  1 0.3  0.0 0.145029 0.15         0.9669   0.1450
 rademacher 1.0 1.5 1.5  1 0.3  0.0 0.340935 0.45         0.7576   0.3409
       unif 0.5 1.0 1.0  1 0.3  0.0 0.261227 0.30         0.8708   0.2610
       unif 0.0 1.0 2.0  1 0.3  0.0 0.398780 0.60         0.6646   0.3987
       unif 0.5 1.0 0.5  1 0.3  0.0 0.144334 0.15         0.9622   0.1443
       unif 1.0 1.5 1.5  1 0.3  0.0 0.341308 0.45         0.7585   0.3384
     nonlin 0.5 1.0 1.0  1 0.3  0.6 0.258712 0.30         0.8624   0.2529
     nonlin 0.0 1.0 2.0  1 0.3  0.6 0.373983 0.60         0.6233   0.3692
     nonlin 0.5 1.0 0.5  1 0.3  0.6 0.145496 0.15         0.9700   0.1429
     nonlin 1.0 1.5 1.5  1 0.3  0.6 0.346921 0.45         0.7709   0.3328
     nonlin 0.5 1.0 1.0  1 0.0  0.6 0.005442 0.00             NA   0.0000
     nonlin 0.0 1.0 2.0  1 0.0  0.6 0.004634 0.00             NA   0.0000
     nonlin 0.5 1.0 0.5  1 0.0  0.6 0.002452 0.00             NA   0.0000
     nonlin 1.0 1.5 1.5  1 0.0  0.6 0.011215 0.00             NA   0.0000
         T2 holder_bound bias_over_holder identity_check
 -3.653e-04       0.7791        0.3250996     -1.332e-15
 -1.180e-04       0.7699        0.4797171      1.110e-15
 -1.283e-04       0.5792        0.2469630     -1.332e-15
 -2.933e-03       3.0858        0.1087920      2.165e-15
  8.052e-04       3.9680        0.0503906      2.220e-16
  6.313e-04       8.2318        0.0381886      3.941e-15
  3.550e-04       1.1955        0.0909962      4.163e-16
 -1.982e-04     104.7269        0.0026330      3.053e-15
 -4.163e-17       0.4181        0.6369982      5.551e-17
 -1.388e-17       0.6741        0.6398840      1.110e-16
 -4.857e-17       0.2109        0.6875585      1.110e-16
 -7.633e-17       0.7800        0.4371032     -1.110e-16
 -2.237e-04       0.4925        0.5304533      1.088e-14
 -3.289e-05       0.6893        0.5785083      9.659e-15
 -6.783e-05       0.2748        0.5253206      1.174e-14
 -2.889e-03       1.0013        0.3408637      8.493e-15
 -5.807e-03       3.3790        0.0765651      2.776e-16
 -4.752e-03       3.1802        0.1175988      2.220e-16
 -2.581e-03       2.6400        0.0551111     -2.776e-16
 -1.415e-02      12.1016        0.0286674      3.886e-16
 -5.442e-03       3.3021        0.0016481      1.758e-15
 -4.634e-03       3.0976        0.0014959      1.492e-15
 -2.452e-03       2.5989        0.0009436     -8.973e-16
 -1.121e-02      11.6905        0.0009593      3.291e-15

Table 2: r_mis = Var(phi*) - V_eff(S*) when a pure instrument Z2 is omitted (b2 = 0, S* = {1})
  Var_psi_naive = Var psi(e*_S, m) (estimand of the empirical variance); Var_phi_corrected = Var(phi*) (Lemma A4).

     design  a0  a1  a2 b1 het Veff_S Veff_SI ratio_SI_over_S Var_psi_naive
      gauss 0.5 1.0 1.0  1 0.0  5.127   8.130           1.586         5.076
      gauss 0.0 1.0 2.0  1 0.0  4.419  26.365           5.966         4.411
      gauss 0.5 1.0 0.5  1 0.0  5.525   6.213           1.125         5.488
      gauss 1.0 1.5 1.5  1 0.0  6.998  31.281           4.470         6.430
        ar1 0.5 1.0 1.0  1 0.0  7.494  12.107           1.616         7.013
        ar1 0.0 1.0 2.0  1 0.0  7.763  68.231           8.789         6.668
 rademacher 0.5 1.0 1.0  1 0.0  4.931   7.370           1.495         4.931
 rademacher 0.0 1.0 2.0  1 0.0  4.206  13.611           3.236         4.206
       unif 0.5 1.0 1.0  1 0.0  5.009   7.634           1.524         4.988
       unif 0.0 1.0 2.0  1 0.0  4.325  16.563           3.830         4.323
     hetero 0.5 1.0 1.0  1 0.5  6.002  10.389           1.731         5.825
     hetero 0.0 1.0 2.0  1 0.5  4.540  29.475           6.492         4.520
     hetero 0.0 1.0 2.0  1 1.0  4.921  39.597           8.046         4.852
 Var_phi_corrected     r_mis r_mis_pct sd_ratio_naive_over_corrected
             5.093 -0.033946  -0.66214                        0.9983
             4.414 -0.005124  -0.11595                        0.9997
             5.499 -0.025355  -0.45895                        0.9990
             6.560 -0.438279  -6.26293                        0.9901
             7.090 -0.404711  -5.40025                        0.9946
             6.790 -0.973089 -12.53520                        0.9910
             4.931  0.000000   0.00000                        1.0000
             4.206  0.000000   0.00000                        1.0000
             4.999 -0.009550  -0.19067                        0.9988
             4.324 -0.000851  -0.01968                        0.9999
             5.856 -0.146460  -2.44005                        0.9973
             4.523 -0.017442  -0.38415                        0.9997
             4.855 -0.066828  -1.35791                        0.9997
 max_eS_minus_estar
          5.699e-03
          1.218e-02
          1.859e-03
          7.187e-03
          3.684e-03
          7.804e-03
          5.551e-17
          1.110e-16
          4.780e-03
          3.437e-03
          5.699e-03
          1.218e-02
          1.218e-02
== analysis/Rscript undercoverage_demo.R 21:53:04
time: 0.4 min
                          regime tune  method     bias emp_sd se_ratio
         I: benign (n=500, p=20) wamd  oracle  0.00684  0.204    0.997
         I: benign (n=500, p=20) wamd    full  0.00913  0.236    0.990
         I: benign (n=500, p=20) wamd oal_ipw  0.13636  0.292    1.111
         I: benign (n=500, p=20) wamd oal_ols  0.00858  0.235    0.950
 II: many controls (n=200, p=50)  bic  oracle  0.01931  0.323    0.993
 II: many controls (n=200, p=50)  bic    full -0.01435  0.400    1.033
 II: many controls (n=200, p=50)  bic oal_ipw  0.33339  0.368    0.993
 II: many controls (n=200, p=50)  bic oal_ols  0.08005  0.380    0.894
 II: many controls (n=200, p=50) wamd  oracle  0.01931  0.323    0.993
 II: many controls (n=200, p=50) wamd    full -0.01435  0.400    1.033
 II: many controls (n=200, p=50) wamd oal_ipw  0.21869  0.422    0.994
 II: many controls (n=200, p=50) wamd oal_ols -0.00142  0.397    0.915
 coverage95 z3_rate z4_rate
      0.942   1.000   1.000
      0.940   1.000   1.000
      0.922   1.000   1.000
      0.930   1.000   1.000
      0.948   0.494   0.474
      0.956   0.494   0.474
      0.838   0.494   0.474
      0.912   0.494   0.474
      0.948   0.886   0.882
      0.956   0.886   0.882
      0.908   0.886   0.882
      0.926   0.886   0.882
Demo complete.
== analysis/Rscript proposed_estimator.R 21:53:29
50 件以上の警告がありました (最初の 50 個の警告を見るには warnings() を使って下さい)
time: 1.9 min
                          regime                      method     bias emp_sd
         I: benign (n=500, p=20)      OADS + AIPW (proposed)  0.00208  0.296
         I: benign (n=500, p=20) BCH double selection + AIPW  0.01498  0.313
 II: many controls (n=200, p=50)      OADS + AIPW (proposed)  0.09307  1.048
 II: many controls (n=200, p=50) BCH double selection + AIPW -0.11074  1.207
 se_ratio coverage95 iv_retention boundary_retention
    0.964      0.932        0.630              1.000
    0.994      0.924        1.000              1.000
    0.942      0.958        0.475              0.780
    0.966      0.968        1.000              0.985
== analysis/Rscript ry_target_check.R 100 8 21:55:25
I done
II done
III done
 cell n_reps bias_ate mean_target_minus_ate sd_target emp_sd mean_se_emp
    I    100   0.0236                0.0265   0.00359  0.459       0.425
   II    100   0.0692                0.0344   0.07690  1.877       1.998
  III    100   0.0147                0.0342   0.02497  0.169       0.177
 mean_se_stk cov_ate_emp cov_ate_stk cov_target_emp cov_target_stk mcse_cov
       0.481        0.93        0.94           0.92           0.94   0.0218
       2.928        0.95        1.00           0.96           1.00   0.0218
       0.188        0.96        0.97           0.96           0.97   0.0218
 mean_size p_superset
      16.5       1.00
      38.2       0.69
      15.5       0.60
== analysis/Rscript convergence_check.R 25 10 8 21:56:16
[I] 25 replications (0 failed to run)  0.0 min
[II] 25 replications (0 failed to run)  0.1 min
[III] 25 replications (0 failed to run)  0.1 min
[M] 25 replications (0 failed to run)  0.1 min
[P1] 25 replications (0 failed to run)  0.2 min
[P2] 25 replications (0 failed to run)  0.5 min
[C] 25 replications (0 failed to run)  0.5 min
[Bd] 25 replications (0 failed to run)  0.5 min
[H] 25 replications (0 failed to run)  0.5 min
[IV6] 25 replications (0 failed to run)  0.5 min
[B500_k1.50] 10 replications (0 failed to run)  0.6 min
[B500_k1.10] 10 replications (0 failed to run)  0.6 min
[B500_k0.75] 10 replications (0 failed to run)  0.6 min
[B2000_k1.50] 10 replications (0 failed to run)  0.6 min
[B2000_k1.10] 10 replications (0 failed to run)  0.6 min
[B2000_k0.75] 10 replications (0 failed to run)  0.6 min
[B8000_k1.50] 10 replications (0 failed to run)  0.6 min
[B8000_k1.10] 10 replications (0 failed to run)  0.7 min
[B8000_k0.75] 10 replications (0 failed to run)  0.7 min
# convergence_check.R  run on 2026-09-17 21:57; replications per cell: main 25, boundary 10; cores 8; 0.7 min
# fits = propensity/outcome refits examined (folds x replications); ps_nonconv = logistic refit at glm.fit's iteration limit;
# ps_boundary = fitted probabilities numerically at 0/1; *_rankdef_fits = refits with aliased coefficients (set to zero);
# ginv_fits = refits in which a sandwich block was solved with a generalized inverse; trim_frac = share of test-fold
# propensities clipped; max_dpsi_maxit / max_dcorr_maxit = largest change in a pseudo-observation / correction term when
# a non-converged propensity refit is repeated with maxit = 200 (NA when no refit was non-converged);
# max_d_est_maxit / max_d_se_stk_maxit / cov_flips_maxit = largest change in a replication's arm estimate / stacked SE,
# and number of replications whose 95 percent stacked-interval coverage indicator changes, under the maxit = 200 refits. 

        cell      arm reps fits mean_dim ps_nonconv ps_boundary ps_rankdef_fits
           I   oracle   25  125     7.00          0           0               0
           I     full   25  125    21.00          0           0               0
           I  out_thr   25  125     7.09          0           0               0
           I  out_bic   25  125    15.28          0           0               0
           I  oal_fix   25  125     5.42          0           0               0
           I oal_wamd   25  125    12.34          0           0               0
           I oads_thr   25  125     7.10          0           0               0
           I oads_bic   25  125    15.28          0           0               0
           I  trt_bic   25  125     9.78          0           0               0
           I      bch   25  125    17.18          0           0               0
          II   oracle   25  125     7.00          0           0               0
          II     full   25  125    51.00         42           0               0
          II  out_thr   25  125     6.22          0           0               0
          II  out_bic   25  125    25.77          0           0               0
          II  oal_fix   25  125     3.17          0           0               0
          II oal_wamd   25  125    23.89          0           0               0
          II oads_thr   25  125     6.27          0           0               0
          II oads_bic   25  125    25.78          0           0               0
          II  trt_bic   25  125     8.18          0           0               0
          II      bch   25  125    28.55          0           0               0
         III   oracle   25  125     7.00          0           0               0
         III     full   25  125    21.00          0           0               0
         III  out_thr   25  125     5.02          0           0               0
         III  out_bic   25  125    11.85          0           0               0
         III  oal_fix   25  125     3.62          0           0               0
         III oal_wamd   25  125    13.26          0           0               0
         III oads_thr   25  125     5.06          0           0               0
         III oads_bic   25  125    11.85          0           0               0
         III  trt_bic   25  125     9.46          0           0               0
         III      bch   25  125    15.13          0           0               0
           M   oracle   25  125     7.00          0           0               0
           M     full   25  125    21.00          0           0               0
           M  out_thr   25  125     7.15          0           0               0
           M  out_bic   25  125    15.17          0           0               0
           M  oal_fix   25  125     5.33          0           0               0
           M oal_wamd   25  125    13.25          0           0               0
           M oads_thr   25  125     7.18          0           0               0
           M oads_bic   25  125    15.17          0           0               0
           M  trt_bic   25  125     9.25          0           0               0
           M      bch   25  125    16.92          0           0               0
          P1   oracle   25  125     7.00          0           0               0
          P1     full   25  125   101.00          0           0               0
          P1  out_thr   25  125     6.73          0           0               0
          P1  out_bic   25  125    37.92          0           0               0
          P1  oal_fix   25  125     4.07          0           0               0
          P1 oal_wamd   25  125    34.95          0           0               0
          P1 oads_thr   25  125     6.78          0           0               0
          P1 oads_bic   25  125    37.93          0           0               0
          P1  trt_bic   25  125     9.31          0           0               0
          P1      bch   25  125    40.98          0           0               0
          P2   oracle   25  125     7.00          0           0               0
          P2  out_thr   25  125     8.42          0           0               0
          P2  out_bic   25  125    53.99          0           0               0
          P2  oal_fix   25  125     3.73          0           0               0
          P2 oal_wamd   25  125    61.98         12           0               0
          P2 oads_thr   25  125     8.47          0           0               0
          P2 oads_bic   25  125    54.01          0           0               0
          P2  trt_bic   25  125     9.71          0           0               0
          P2      bch   25  125    58.01          0           0               0
           C   oracle   25  125     7.00          0           0               0
           C     full   25  125    21.00          0           0               0
           C  out_thr   25  125     7.22          0           0               0
           C  out_bic   25  125    13.26          0           0               0
           C  oal_fix   25  125     6.09          0           0               0
           C oal_wamd   25  125    15.02          0           0               0
           C oads_thr   25  125     7.26          0           0               0
           C oads_bic   25  125    13.27          0           0               0
           C  trt_bic   25  125     9.02          0           0               0
           C      bch   25  125    15.30          0           0               0
          Bd   oracle   25  125     7.00          0           0               0
          Bd     full   25  125    21.00          0           0               0
          Bd  out_thr   25  125     7.03          0           0               0
          Bd  out_bic   25  125    15.46          0           0               0
          Bd  oal_fix   25  125     5.29          0           0               0
          Bd oal_wamd   25  125    15.05          0           0               0
          Bd oads_thr   25  125     7.04          0           0               0
          Bd oads_bic   25  125    15.46          0           0               0
          Bd  trt_bic   25  125     8.48          0           0               0
          Bd      bch   25  125    16.90          0           0               0
           H   oracle   25  125     7.00          0           0               0
           H     full   25  125    21.00          0           0               0
           H  out_thr   25  125     7.02          0           0               0
           H  out_bic   25  125    15.09          0           0               0
           H  oal_fix   25  125     5.26          0           0               0
           H oal_wamd   25  125    13.10          0           0               0
           H oads_thr   25  125     7.04          0           0               0
           H oads_bic   25  125    15.09          0           0               0
           H  trt_bic   25  125     9.76          0           0               0
           H      bch   25  125    16.88          0           0               0
         IV6   oracle   25  125     7.00          0           0               0
         IV6     full   25  125    21.00          0           0               0
         IV6  out_thr   25  125     7.03          0           0               0
         IV6  out_bic   25  125    14.74          0           0               0
         IV6  oal_fix   25  125     5.25          0           0               0
         IV6 oal_wamd   25  125    13.26          0           0               0
         IV6 oads_thr   25  125     7.03          0           0               0
         IV6 oads_bic   25  125    14.74          0           0               0
         IV6  trt_bic   25  125    15.01          0           0               0
         IV6      bch   25  125    18.95          0           0               0
  B500_k1.50   oracle   10   50     7.00          0           0               0
  B500_k1.50     full   10   50    21.00          0           0               0
  B500_k1.50  out_thr   10   50     7.06          0           0               0
  B500_k1.50  out_bic   10   50    14.02          0           0               0
  B500_k1.50  oal_fix   10   50     5.22          0           0               0
  B500_k1.50 oads_thr   10   50     7.06          0           0               0
  B500_k1.50 oads_bic   10   50    14.02          0           0               0
  B500_k1.50      bch   10   50    16.04          0           0               0
  B500_k1.10   oracle   10   50     7.00          0           0               0
  B500_k1.10     full   10   50    21.00          0           0               0
  B500_k1.10  out_thr   10   50     6.48          0           0               0
  B500_k1.10  out_bic   10   50    14.52          0           0               0
  B500_k1.10  oal_fix   10   50     4.86          0           0               0
  B500_k1.10 oads_thr   10   50     6.60          0           0               0
  B500_k1.10 oads_bic   10   50    14.52          0           0               0
  B500_k1.10      bch   10   50    16.58          0           0               0
  B500_k0.75   oracle   10   50     7.00          0           0               0
  B500_k0.75     full   10   50    21.00          0           0               0
  B500_k0.75  out_thr   10   50     5.48          0           0               0
  B500_k0.75  out_bic   10   50    15.52          0           0               0
  B500_k0.75  oal_fix   10   50     3.92          0           0               0
  B500_k0.75 oads_thr   10   50     5.52          0           0               0
  B500_k0.75 oads_bic   10   50    15.52          0           0               0
  B500_k0.75      bch   10   50    17.68          0           0               0
 B2000_k1.50   oracle   10   50     7.00          0           0               0
 B2000_k1.50     full   10   50    21.00          0           0               0
 B2000_k1.50  out_thr   10   50     7.00          0           0               0
 B2000_k1.50  out_bic   10   50    13.68          0           0               0
 B2000_k1.50  oal_fix   10   50     5.90          0           0               0
 B2000_k1.50 oads_thr   10   50     7.04          0           0               0
 B2000_k1.50 oads_bic   10   50    13.68          0           0               0
 B2000_k1.50      bch   10   50    16.12          0           0               0
 B2000_k1.10   oracle   10   50     7.00          0           0               0
 B2000_k1.10     full   10   50    21.00          0           0               0
 B2000_k1.10  out_thr   10   50     6.36          0           0               0
 B2000_k1.10  out_bic   10   50    13.64          0           0               0
 B2000_k1.10  oal_fix   10   50     5.12          0           0               0
 B2000_k1.10 oads_thr   10   50     6.52          0           0               0
 B2000_k1.10 oads_bic   10   50    13.64          0           0               0
 B2000_k1.10      bch   10   50    15.52          0           0               0
 B2000_k0.75   oracle   10   50     7.00          0           0               0
 B2000_k0.75     full   10   50    21.00          0           0               0
 B2000_k0.75  out_thr   10   50     5.02          0           0               0
 B2000_k0.75  out_bic   10   50    11.96          0           0               0
 B2000_k0.75  oal_fix   10   50     3.76          0           0               0
 B2000_k0.75 oads_thr   10   50     5.10          0           0               0
 B2000_k0.75 oads_bic   10   50    11.96          0           0               0
 B2000_k0.75      bch   10   50    14.94          0           0               0
 B8000_k1.50   oracle   10   50     7.00          0           0               0
 B8000_k1.50     full   10   50    21.00          0           0               0
 B8000_k1.50  out_thr   10   50     7.00          0           0               0
 B8000_k1.50  out_bic   10   50    12.62          0           0               0
 B8000_k1.50  oal_fix   10   50     5.86          0           0               0
 B8000_k1.50 oads_thr   10   50     7.00          0           0               0
 B8000_k1.50 oads_bic   10   50    12.62          0           0               0
 B8000_k1.50      bch   10   50    14.98          0           0               0
 B8000_k1.10   oracle   10   50     7.00          0           0               0
 B8000_k1.10     full   10   50    21.00          0           0               0
 B8000_k1.10  out_thr   10   50     6.54          0           0               0
 B8000_k1.10  out_bic   10   50    13.20          0           0               0
 B8000_k1.10  oal_fix   10   50     5.76          0           0               0
 B8000_k1.10 oads_thr   10   50     6.76          0           0               0
 B8000_k1.10 oads_bic   10   50    13.20          0           0               0
 B8000_k1.10      bch   10   50    15.86          0           0               0
 B8000_k0.75   oracle   10   50     7.00          0           0               0
 B8000_k0.75     full   10   50    21.00          0           0               0
 B8000_k0.75  out_thr   10   50     5.04          0           0               0
 B8000_k0.75  out_bic   10   50    12.16          0           0               0
 B8000_k0.75  oal_fix   10   50     4.44          0           0               0
 B8000_k0.75 oads_thr   10   50     5.08          0           0               0
 B8000_k0.75 oads_bic   10   50    12.16          0           0               0
 B8000_k0.75      bch   10   50    14.70          0           0               0
 out_rankdef_fits ginv_fits trim_frac max_dpsi_maxit max_d_est_maxit
                0         0  0.026640             NA           0.000
                0         0  0.229280             NA           0.000
                0         0  0.027840             NA           0.000
                0         0  0.129840             NA           0.000
                0         0  0.026720             NA           0.000
                0         0  0.146560             NA           0.000
                0         0  0.028640             NA           0.000
                0         0  0.129840             NA           0.000
                0         0  0.211520             NA           0.000
                0         0  0.223760             NA           0.000
                0         0  0.026600             NA           0.000
                0         5  0.793200             79           0.560
                0         0  0.007800             NA           0.000
                0         0  0.209400             NA           0.000
                0         0  0.007000             NA           0.000
                0         0  0.319800             NA           0.000
                0         0  0.010200             NA           0.000
                0         0  0.210200             NA           0.000
                0         0  0.235400             NA           0.000
                0         0  0.417400             NA           0.000
                0         0  0.035240             NA           0.000
                0         0  0.213260             NA           0.000
                0         0  0.000200             NA           0.000
                0         0  0.064760             NA           0.000
                0         0  0.000640             NA           0.000
                0         0  0.143860             NA           0.000
                0         0  0.000700             NA           0.000
                0         0  0.064760             NA           0.000
                0         0  0.210800             NA           0.000
                0         0  0.212160             NA           0.000
                0         0  0.022080             NA           0.000
                0         0  0.227120             NA           0.000
                0         0  0.022080             NA           0.000
                0         0  0.122320             NA           0.000
                0         0  0.022880             NA           0.000
                0         0  0.146960             NA           0.000
                0         0  0.024240             NA           0.000
                0         0  0.122320             NA           0.000
                0         0  0.208160             NA           0.000
                0         0  0.220320             NA           0.000
                0         0  0.012800             NA           0.000
                0         0  0.545920             NA           0.000
                0         0  0.005840             NA           0.000
                0         0  0.102480             NA           0.000
                0         0  0.007680             NA           0.000
                0         0  0.223520             NA           0.000
                0         0  0.008640             NA           0.000
                0         0  0.103360             NA           0.000
                0         0  0.193680             NA           0.000
                0         0  0.280880             NA           0.000
                0         0  0.015360             NA           0.000
                0         0  0.004800             NA           0.000
                0         0  0.138240             NA           0.000
                0         0  0.004160             NA           0.000
                0         1  0.400720            120           0.475
                0         0  0.006480             NA           0.000
                0         0  0.139600             NA           0.000
                0         0  0.206240             NA           0.000
                0         0  0.365440             NA           0.000
                0         0  0.122560             NA           0.000
                0         0  0.371840             NA           0.000
                0         0  0.131360             NA           0.000
                0         0  0.248400             NA           0.000
                0         0  0.131440             NA           0.000
                0         0  0.313280             NA           0.000
                0         0  0.137040             NA           0.000
                0         0  0.248960             NA           0.000
                0         0  0.345600             NA           0.000
                0         0  0.359280             NA           0.000
                0         0  0.000000             NA           0.000
                0         0  0.029360             NA           0.000
                0         0  0.000000             NA           0.000
                0         0  0.009920             NA           0.000
                0         0  0.000000             NA           0.000
                0         0  0.012880             NA           0.000
                0         0  0.000000             NA           0.000
                0         0  0.009920             NA           0.000
                0         0  0.018000             NA           0.000
                0         0  0.025920             NA           0.000
                0         0  0.022800             NA           0.000
                0         0  0.222000             NA           0.000
                0         0  0.023200             NA           0.000
                0         0  0.121040             NA           0.000
                0         0  0.022640             NA           0.000
                0         0  0.138960             NA           0.000
                0         0  0.024080             NA           0.000
                0         0  0.121040             NA           0.000
                0         0  0.203920             NA           0.000
                0         0  0.213680             NA           0.000
                0         0  0.002960             NA           0.000
                0         0  0.366240             NA           0.000
                0         0  0.003280             NA           0.000
                0         0  0.145280             NA           0.000
                0         0  0.002880             NA           0.000
                0         0  0.173440             NA           0.000
                0         0  0.003280             NA           0.000
                0         0  0.145280             NA           0.000
                0         0  0.362800             NA           0.000
                0         0  0.365120             NA           0.000
                0         0  0.047200             NA           0.000
                0         0  0.272800             NA           0.000
                0         0  0.047200             NA           0.000
                0         0  0.170800             NA           0.000
                0         0  0.046800             NA           0.000
                0         0  0.047200             NA           0.000
                0         0  0.170800             NA           0.000
                0         0  0.261800             NA           0.000
                0         0  0.040200             NA           0.000
                0         0  0.248200             NA           0.000
                0         0  0.021400             NA           0.000
                0         0  0.140200             NA           0.000
                0         0  0.025600             NA           0.000
                0         0  0.025200             NA           0.000
                0         0  0.140200             NA           0.000
                0         0  0.241200             NA           0.000
                0         0  0.047800             NA           0.000
                0         0  0.288800             NA           0.000
                0         0  0.005000             NA           0.000
                0         0  0.153200             NA           0.000
                0         0  0.007200             NA           0.000
                0         0  0.007800             NA           0.000
                0         0  0.153200             NA           0.000
                0         0  0.279800             NA           0.000
                0         0  0.027300             NA           0.000
                0         0  0.208800             NA           0.000
                0         0  0.027300             NA           0.000
                0         0  0.081650             NA           0.000
                0         0  0.030650             NA           0.000
                0         0  0.030850             NA           0.000
                0         0  0.081650             NA           0.000
                0         0  0.206000             NA           0.000
                0         0  0.036750             NA           0.000
                0         0  0.213800             NA           0.000
                0         0  0.017700             NA           0.000
                0         0  0.122600             NA           0.000
                0         0  0.021900             NA           0.000
                0         0  0.022100             NA           0.000
                0         0  0.122600             NA           0.000
                0         0  0.212100             NA           0.000
                0         0  0.027650             NA           0.000
                0         0  0.207500             NA           0.000
                0         0  0.000100             NA           0.000
                0         0  0.068600             NA           0.000
                0         0  0.000450             NA           0.000
                0         0  0.000400             NA           0.000
                0         0  0.068600             NA           0.000
                0         0  0.205650             NA           0.000
                0         0  0.032025             NA           0.000
                0         0  0.207825             NA           0.000
                0         0  0.032025             NA           0.000
                0         0  0.101525             NA           0.000
                0         0  0.031863             NA           0.000
                0         0  0.032025             NA           0.000
                0         0  0.101525             NA           0.000
                0         0  0.207525             NA           0.000
                0         0  0.032925             NA           0.000
                0         0  0.210588             NA           0.000
                0         0  0.021737             NA           0.000
                0         0  0.077412             NA           0.000
                0         0  0.026812             NA           0.000
                0         0  0.026875             NA           0.000
                0         0  0.077412             NA           0.000
                0         0  0.210150             NA           0.000
                0         0  0.032725             NA           0.000
                0         0  0.207450             NA           0.000
                0         0  0.000262             NA           0.000
                0         0  0.073775             NA           0.000
                0         0  0.000500             NA           0.000
                0         0  0.000500             NA           0.000
                0         0  0.073775             NA           0.000
                0         0  0.207100             NA           0.000
 max_d_se_stk_maxit cov_flips_maxit est_check
             0.0000               0         0
             0.0000               0         0
             0.0000               0         0
             0.0000               0         0
             0.0000               0         0
             0.0000               0         0
             0.0000               0         0
             0.0000               0         0
             0.0000               0         0
             0.0000               0         0
             0.0000               0         0
             0.1128               0         0
             0.0000               0         0
             0.0000               0         0
             0.0000               0         0
             0.0000               0         0
             0.0000               0         0
             0.0000               0         0
             0.0000               0         0
             0.0000               0         0
             0.0000               0         0
             0.0000               0         0
             0.0000               0         0
             0.0000               0         0
             0.0000               0         0
             0.0000               0         0
             0.0000               0         0
             0.0000               0         0
             0.0000               0         0
             0.0000               0         0
             0.0000               0         0
             0.0000               0         0
             0.0000               0         0
             0.0000               0         0
             0.0000               0         0
             0.0000               0         0
             0.0000               0         0
             0.0000               0         0
             0.0000               0         0
             0.0000               0         0
             0.0000               0         0
             0.0000               0         0
             0.0000               0         0
             0.0000               0         0
             0.0000               0         0
             0.0000               0         0
             0.0000               0         0
             0.0000               0         0
             0.0000               0         0
             0.0000               0         0
             0.0000               0         0
             0.0000               0         0
             0.0000               0         0
             0.0000               0         0
             0.0279               0         0
             0.0000               0         0
             0.0000               0         0
             0.0000               0         0
             0.0000               0         0
             0.0000               0         0
             0.0000               0         0
             0.0000               0         0
             0.0000               0         0
             0.0000               0         0
             0.0000               0         0
             0.0000               0         0
             0.0000               0         0
             0.0000               0         0
             0.0000               0         0
             0.0000               0         0
             0.0000               0         0
             0.0000               0         0
             0.0000               0         0
             0.0000               0         0
             0.0000               0         0
             0.0000               0         0
             0.0000               0         0
             0.0000               0         0
             0.0000               0         0
             0.0000               0         0
             0.0000               0         0
             0.0000               0         0
             0.0000               0         0
             0.0000               0         0
             0.0000               0         0
             0.0000               0         0
             0.0000               0         0
             0.0000               0         0
             0.0000               0         0
             0.0000               0         0
             0.0000               0         0
             0.0000               0         0
             0.0000               0         0
             0.0000               0         0
             0.0000               0         0
             0.0000               0         0
             0.0000               0         0
             0.0000               0         0
             0.0000               0         0
             0.0000               0         0
             0.0000               0         0
             0.0000               0         0
             0.0000               0         0
             0.0000               0         0
             0.0000               0         0
             0.0000               0         0
             0.0000               0         0
             0.0000               0         0
             0.0000               0         0
             0.0000               0         0
             0.0000               0         0
             0.0000               0         0
             0.0000               0         0
             0.0000               0         0
             0.0000               0         0
             0.0000               0         0
             0.0000               0         0
             0.0000               0         0
             0.0000               0         0
             0.0000               0         0
             0.0000               0         0
             0.0000               0         0
             0.0000               0         0
             0.0000               0         0
             0.0000               0         0
             0.0000               0         0
             0.0000               0         0
             0.0000               0         0
             0.0000               0         0
             0.0000               0         0
             0.0000               0         0
             0.0000               0         0
             0.0000               0         0
             0.0000               0         0
             0.0000               0         0
             0.0000               0         0
             0.0000               0         0
             0.0000               0         0
             0.0000               0         0
             0.0000               0         0
             0.0000               0         0
             0.0000               0         0
             0.0000               0         0
             0.0000               0         0
             0.0000               0         0
             0.0000               0         0
             0.0000               0         0
             0.0000               0         0
             0.0000               0         0
             0.0000               0         0
             0.0000               0         0
             0.0000               0         0
             0.0000               0         0
             0.0000               0         0
             0.0000               0         0
             0.0000               0         0
             0.0000               0         0
             0.0000               0         0
             0.0000               0         0
             0.0000               0         0
             0.0000               0         0
             0.0000               0         0
             0.0000               0         0
             0.0000               0         0
             0.0000               0         0
             0.0000               0         0
             0.0000               0         0
             0.0000               0         0
             0.0000               0         0
             0.0000               0         0
             0.0000               0         0

est_check = largest |estimate from the instrumented refits - estimate from aipw_from_sets()| over the replications (identity check).

Totals over all cells and arms:
            fits       ps_nonconv      ps_boundary  ps_rankdef_fits 
           15975               54                0                0 
out_rankdef_fits        ginv_fits 
               0                6 
== analysis/Rscript convergence_table.R 21:57:00
# Table 11 entries generated from output/convergence_check.csv

Source run: convergence_check.R  run on 2026-09-17 21:57; replications per cell: main 25, boundary 10; cores 8; 0.7 min

| Cell | Arm | Reps | Refits | Dim. | Iter. limit | Gen. inverse | Clipped (pct) | Max Δ estimate | Max Δ stacked SE | Coverage changes |
|---|---|---|---|---|---|---|---|---|---|---|
| II | full set | 25 | 125 | 51 | 42 | 5 | 79.3 | 0.560 | 0.113 | 0 |
| P2 | naive OAL selection + AIPW | 25 | 125 | 62.0 | 12 | 1 | 40.1 | 0.475 | 0.028 | 0 |
| other | all other 169 cell–arm pairs | 25 or 10 | 15,725 | 3.2–101 | 0 | 0 | — | — | — | — |

Prose figures (Web Appendix C, numerical diagnostics paragraph):
- total refits examined: 15,975 (column `fits`, summed)
- refits that stopped at the iteration limit: 54 (column `ps_nonconv`, summed)
- generalized-inverse fallbacks: 6 (column `ginv_fits`, summed)
- II / full set: 42 non-converged refits in 16 of 25 replications, 5 generalized inverse(s), 79 percent clipped; max |Δ estimate| 0.560, max |Δ stacked SE| 0.113, coverage changes 0
- P2 / naive OAL selection + AIPW: 12 non-converged refits in 9 of 25 replications, 1 generalized inverse(s), 40 percent clipped; max |Δ estimate| 0.475, max |Δ stacked SE| 0.028, coverage changes 0

== analysis/Rscript weight_floor_check.R 21:57:00
(1) eps_n = min(1e-8, 1/n) at the training sizes used:
    n =   400: eps_n = 1e-08; identical(eps_n, 1e-8) = TRUE
    n =  1600: eps_n = 1e-08; identical(eps_n, 1e-8) = TRUE
    n =  6400: eps_n = 1e-08; identical(eps_n, 1e-8) = TRUE
    n =  4588: eps_n = 1e-08; identical(eps_n, 1e-8) = TRUE
    n =   500: eps_n = 1e-08; identical(eps_n, 1e-8) = TRUE
    n =  2000: eps_n = 1e-08; identical(eps_n, 1e-8) = TRUE
    n =  8000: eps_n = 1e-08; identical(eps_n, 1e-8) = TRUE
    n =  5735: eps_n = 1e-08; identical(eps_n, 1e-8) = TRUE
    zero coefficient: oal_scale(c(0, 1e-5, 0.3), 400) = 1e-08 1e-08 9e-02 (old: 1e-08 1e-08 9e-02)
(2) rescaled design matrices and OAL selections identical under both floors (80 simulated training sets): TRUE; rescaling vectors identical: TRUE
    RHC (numeric columns, LOS pilot, n = 5734): min |b_j| = 1.528e-02; rescaling identical under both floors: TRUE
(3) Lemma A2(ii): max(b^2, eps_n) <= log(n)^2/n on the event |b| <= log(n)/sqrt(n), since eps_n <= 1/n <= log(n)^2/n for n >= 3:
    n = 3e+00: eps_n = 1.0e-08 <= log(n)^2/n = 4.023e-01: TRUE; shrinking-floor penalty lower bound n^{5/4}/log(n)^2 = 3.271e+00; fixed-floor (1e-8) penalty at an exact zero, n^{1/4}*1e8 = 1.316e+08, versus the gradient scale n = 3e+00 -> exclusion argument holds
    n = 4e+02: eps_n = 1.0e-08 <= log(n)^2/n = 8.974e-02: TRUE; shrinking-floor penalty lower bound n^{5/4}/log(n)^2 = 4.983e+01; fixed-floor (1e-8) penalty at an exact zero, n^{1/4}*1e8 = 4.472e+08, versus the gradient scale n = 4e+02 -> exclusion argument holds
    n = 2e+03: eps_n = 1.0e-08 <= log(n)^2/n = 3.402e-02: TRUE; shrinking-floor penalty lower bound n^{5/4}/log(n)^2 = 1.859e+02; fixed-floor (1e-8) penalty at an exact zero, n^{1/4}*1e8 = 6.325e+08, versus the gradient scale n = 2e+03 -> exclusion argument holds
    n = 6e+03: eps_n = 1.0e-08 <= log(n)^2/n = 1.200e-02: TRUE; shrinking-floor penalty lower bound n^{5/4}/log(n)^2 = 7.453e+02; fixed-floor (1e-8) penalty at an exact zero, n^{1/4}*1e8 = 8.944e+08, versus the gradient scale n = 6e+03 -> exclusion argument holds
    n = 1e+06: eps_n = 1.0e-08 <= log(n)^2/n = 1.909e-04: TRUE; shrinking-floor penalty lower bound n^{5/4}/log(n)^2 = 1.657e+05; fixed-floor (1e-8) penalty at an exact zero, n^{1/4}*1e8 = 3.162e+09, versus the gradient scale n = 1e+06 -> exclusion argument holds
    n = 1e+08: eps_n = 1.0e-08 <= log(n)^2/n = 3.393e-06: TRUE; shrinking-floor penalty lower bound n^{5/4}/log(n)^2 = 2.947e+07; fixed-floor (1e-8) penalty at an exact zero, n^{1/4}*1e8 = 1.000e+10, versus the gradient scale n = 1e+08 -> exclusion argument holds
    n = 1e+10: eps_n = 1.0e-10 <= log(n)^2/n = 5.302e-08: TRUE; shrinking-floor penalty lower bound n^{5/4}/log(n)^2 = 5.964e+09; fixed-floor (1e-8) penalty at an exact zero, n^{1/4}*1e8 = 3.162e+10, versus the gradient scale n = 1e+10 -> exclusion argument holds
    n = 1e+12: eps_n = 1.0e-12 <= log(n)^2/n = 7.635e-10: TRUE; shrinking-floor penalty lower bound n^{5/4}/log(n)^2 = 1.310e+12; fixed-floor (1e-8) penalty at an exact zero, n^{1/4}*1e8 = 1.000e+11, versus the gradient scale n = 1e+12 -> fixed floor too weak (n^{3/4} > 1e8)
    the fixed floor 1e-8 stops dominating the gradient at n = 1e8^(4/3) = 4.64e+10
== analysis/python3 example_A1.py 21:57:01
==============================================================================
Example A1: T = X^2 - 5/2 + eta  (E[T|X] != 0)
  E[T | X=-2] = 3/2  E[T | X=-1] = -3/2  E[T | X= 1] = -3/2  E[T | X= 2] = 3/2
  AIPW bias at beta_T = 1, base / augmented: 0 0
  Var phi*_{X}   = 2367627379/440576000 = 5.3739363447
  Var phi*_{X,T} = 7135799521309/1325335040000 = 5.3841476351
  D_{b_1} augmented (intercept, X, T blocks): [0.0009375, -0.004375, 0.01265625]
  D_{b_0} augmented (intercept, X, T blocks): [-0.0009375, -0.004375, -0.01265625]
  ||phi*_{X,T} - phi*_{X}||_2^2 = 634828091121/2280901603840000 = 2.783233e-04;  ||.||_2 = 0.016683
==============================================================================
Modified design: T replaced by eta  (E[eta|X,I] = 0)
  E[T | X=-2] = 0  E[T | X=-1] = 0  E[T | X= 1] = 0  E[T | X= 2] = 0
  AIPW bias at beta_T = 1, base / augmented: 0 0
  Var phi*_{X}   = 2367627379/440576000 = 5.3739363447
  Var phi*_{X,T} = 2367627379/440576000 = 5.3739363447
  D_{b_1} augmented (intercept, X, T blocks): [0.0009375, -0.004375, 0.0]
  D_{b_0} augmented (intercept, X, T blocks): [-0.0009375, -0.004375, 0.0]
  ||phi*_{X,T} - phi*_{X}||_2^2 = 0 = 0.000000e+00;  ||.||_2 = 0.000000
